l_french:
 STATE_MINSK: "Minsk"
 STATE_ALASKA: "Alaska"
 STATE_WASHINGTON: "Washington"
 STATE_OREGON: "Oregon"
 STATE_IDAHO: "Idaho"
 STATE_COLORADO: "Colorado"
 STATE_WYOMING: "Wyoming"
 STATE_MONTANA: "Montana"
 STATE_NORTH_DAKOTA: "Dakota du Nord"
 STATE_SOUTH_DAKOTA: "Dakota du Sud"
 STATE_NEBRASKA: "Nebraska"
 STATE_KANSAS: "Kansas"
 STATE_OKLAHOMA: "Oklahoma"
 STATE_LOUISIANA: "Louisiane"
 STATE_ARKANSAS: "Arkansas"
 STATE_MISSOURI: "Missouri"
 STATE_IOWA: "Iowa"
 STATE_MINNESOTA: "Minnesota"
 STATE_WISCONSIN: "Wisconsin"
 STATE_NEW_YORK: "New York"
 STATE_INDIANA: "Indiana"
 STATE_MICHIGAN: "Michigan"
 STATE_OHIO: "Ohio"
 STATE_KENTUCKY: "Kentucky"
 STATE_TENNESSEE: "Tennessee"
 STATE_MISSISSIPPI: "Mississippi"
 STATE_ALABAMA: "Alabama"
 STATE_FLORIDA: "Floride"
 STATE_GEORGIA: "Géorgie"
 STATE_VIRGINIA: "Virginie"
 STATE_DISTRICT_OF_COLUMBIA: "District de Columbia"
 STATE_WEST_VIRGINIA: "Virginie-Occidentale"
 STATE_MARYLAND: "Maryland"
 STATE_DELAWARE: "Delaware"
 STATE_PENNSYLVANIA: "Pennsylvanie"
 STATE_NEW_JERSEY: "New Jersey"
 STATE_ILLINOIS: "Illinois"
 STATE_MASSACHUSETTS: "Massachusetts"
 STATE_NEW_HAMPSHIRE: "New Hampshire"
 STATE_CONNECTICUT: "Connecticut"
 STATE_RHODE_ISLAND: "Rhode Island"
 STATE_VERMONT: "Vermont"
 STATE_MAINE: "Maine"
 STATE_NORTH_CAROLINA: "Caroline du Nord"
 STATE_TEXAS: "Texas"
 STATE_YUKON_TERRITORY: "Territoire du Yukon"
 STATE_NORTHWEST_TERRITORIES: "Territoires du Nord-Ouest"
 STATE_NUNAVUT: "Nunavut"
 STATE_BRITISH_COLUMBIA: "Colombie-Britannique"
 STATE_ALBERTA: "Alberta"
 STATE_SASKATCHEWAN: "Saskatchewan"
 STATE_MANITOBA: "Manitoba"
 STATE_ONTARIO: "Ontario"
 STATE_QUEBEC: "Québec"
 STATE_NEWFOUNDLAND: "Terre-Neuve"
 STATE_GUATEMALA: "Guatemala"
 STATE_HONDURAS: "Honduras"
 STATE_NICARAGUA: "Nicaragua"
 STATE_COSTA_RICA: "Costa Rica"
 STATE_PANAMA: "Panama"
 STATE_CUBA: "Cuba"
 STATE_URUGUAY: "Uruguay"
 STATE_ECUADOR: "Équateur"
 STATE_SANTO_DOMINGO: "Saint-Domingue"
 STATE_HAITI: "Haïti"
 STATE_GOTLAND: "Gotland"
 STATE_GOTALAND: "Götaland"
 STATE_SCANIA: "Scanie"
 STATE_NORRLAND: "Norrland"
 STATE_SVEALAND: "Svealand"
 STATE_SICILY: "Sicile"
 STATE_PELOPONNESE: "Péloponnèse"
 STATE_IONIAN_ISLANDS: "Îles Ioniennes"
 STATE_ALBANIA: "Albanie"
 STATE_BOSNIA: "Bosnie"
 STATE_NAVARRA: "Navarre"
 STATE_SOUTHERN_TRANSYLVANIA: "Transylvanie du Sud"
 STATE_HAWAIIAN_ISLANDS: "Îles Hawaï"
 STATE_NORTHERN_TRANSYLVANIA: "Transylvanie du Nord"
 STATE_MOLDAVIA: "Moldavie"
 STATE_WALLACHIA: "Valachie"
 STATE_GALICIA: "Galice"
 STATE_ASTURIAS: "Asturies"
 STATE_CASTILE: "Castille"
 STATE_ARAGON: "Aragon"
 STATE_CATALONIA: "Catalogne"
 STATE_BALEARES: "Baléares"
 STATE_NEW_SOUTH_WALES: "Nouvelle-Galles du Sud"
 STATE_VICTORIA: "Victoria"
 STATE_TASMANIA: "Tasmanie"
 STATE_QUEENSLAND: "Queensland"
 STATE_SOUTH_AUSTRALIA: "Australie-Méridionale"
 STATE_WESTERN_AUSTRALIA: "Australie-Occidentale"
 STATE_NORTHERN_TERRITORY: "Territoire du Nord"
 STATE_NORTH_ISLAND: "Île du Nord"
 STATE_SOUTH_ISLAND: "Île du Sud"
 STATE_WEST_MICRONESIA: "Micronésie occidentale"
 STATE_EAST_MICRONESIA: "Micronésie orientale"
 STATE_WEST_JAVA: "Java occidental"
 STATE_EAST_JAVA: "Java oriental"
 STATE_CENTRAL_JAVA: "Java central"
 STATE_CEYLON: "Ceylan"
 STATE_URGA: "Urga"
 STATE_ULIASTAI: "Uliastai"
 STATE_OMAN: "Oman"
 STATE_ABU_DHABI: "États de la Trêve"
 STATE_YEMEN: "Yémen"
 STATE_HEDJAZ: "Hedjaz"
 STATE_TUNISIA: "Tunisie"
 STATE_GUINEA: "Guinée"
 STATE_GHANA: "Ghana"
 STATE_TOGO: "Togo"
 STATE_DAHOMEY: "Dahomey"
 STATE_DEIR_EZ_ZOR: "Deir ez-Zor"
 STATE_GABON: "Gabon"
 STATE_BOTSWANA: "Botswana"
 STATE_ZAMBIA: "Zambie"
 STATE_CAMBODIA: "Cambodge"
 STATE_SAVOY: "Savoie"
 STATE_LIBERIA: "Liberia"
 STATE_EMILIA: "Émilie"
 STATE_TUSCANY: "Toscane"
 STATE_ROMAGNA: "Romagne"
 STATE_LAZIO: "Latium"
 STATE_NEVADA: "Nevada"
 STATE_ARIZONA: "Arizona"
 STATE_NEW_MEXICO: "Nouveau-Mexique"
 STATE_CALIFORNIA: "Californie"
 STATE_BAJA_CALIFORNIA: "Basse-Californie"
 STATE_SONORA: "Sonora"
 STATE_CHIHUAHUA: "Chihuahua"
 STATE_RIO_GRANDE: "Río Grande"
 STATE_GUERRERO: "Guerrero"
 STATE_DURANGO: "Durango"
 STATE_YUCATAN: "Yucatán"
 STATE_MEXICO: "Mexique"
 STATE_JALISCO: "Jalisco"
 STATE_ZACATECAS: "Zacatecas"
 STATE_GUAYANA: "Guyana"
 STATE_ZULIA: "Zulia"
 STATE_MIRANDA: "Miranda"
 STATE_BOLIVAR: "Bolívar"
 STATE_ANTIOQUIA: "Antioquia"
 STATE_GUAVIARE: "Guaviare"
 STATE_CUNDINAMARCA: "Cundinamarca"
 STATE_CAUCA: "Cauca"
 STATE_PASTAZA: "Pastaza"
 STATE_CAJAMARCA: "Cajamarca"
 STATE_LIMA: "Lima"
 STATE_ICA: "Ica"
 STATE_AREQUIPA: "Arequipa"
 STATE_AMAZONAS: "Amazonas"
 STATE_MATO_GROSSO: "Mato Grosso"
 STATE_RIO_GRANDE_DO_SUL: "Rio Grande do Sul"
 STATE_PARANA: "Paraná"
 STATE_SAO_PAULO: "São Paulo"
 STATE_MINAS_GERAIS: "Minas Gerais"
 STATE_RIO_DE_JANEIRO: "Rio de Janeiro"
 STATE_TAHITI: "Tahiti"
 STATE_TONGA: "Tonga"
 STATE_BAHIA: "Bahia"
 STATE_RIO_GRANDE_DO_NORTE: "Rio Grande do Norte"
 STATE_PERNAMBUCO: "Pernambouc"
 STATE_MARANHAO: "Maranhão"
 STATE_PARA: "Pará"
 STATE_ALTO_PARAGUAY: "Alto Paraguay"
 STATE_BAJO_PARAGUAY: "Bajo Paraguay"
 STATE_BUENOS_AIRES: "Buenos Aires"
 STATE_PATAGONIA: "Patagonie"
 STATE_RIO_NEGRO: "Mendoza"
 STATE_LA_PAMPA: "Córdoba"
 STATE_SANTA_FE: "Santa Fe"
 STATE_CORRIENTES: "Corrientes"
 STATE_TUCUMAN: "Tucumán"
 STATE_CHACO: "Chaco"
 STATE_JUJUY: "Jujuy"
 STATE_SANTA_CRUZ: "Santa Cruz"
 STATE_LA_PAZ: "La Paz"
 STATE_POTOSI: "Potosí"
 STATE_SANTIAGO: "Santiago"
 STATE_LOS_RIOS: "Los Ríos"
 STATE_ARAUCANIA: "Araucanie"
 STATE_SOUTH_ATLANTIC_ISLANDS: "Îles de l’Atlantique Sud"
 STATE_ICELAND: "Islande"
 STATE_GREENLAND: "Groenland"
 STATE_EAST_SAHARA: "Sahara oriental"
 STATE_MARRAKECH: "Marrakech"
 STATE_FEZ: "Fès"
 STATE_AL_RIF: "Rif"
 STATE_INNER_MOROCCO: "Maroc intérieur"
 STATE_ORAN: "Oran"
 STATE_WEST_SAHARA: "Sahara occidental"
 STATE_SAHARA: "Sahara"
 STATE_ALGIERS: "Alger"
 STATE_CONSTANTINE: "Constantine"
 STATE_TRIPOLI: "Tripoli"
 STATE_LIBYAN_DESERT: "Désert de Libye"
 STATE_LIBYA: "Libye"
 STATE_UPPER_EGYPT: "Haute-Égypte"
 STATE_EGYPTIAN_DESERT: "Désert d’Égypte"
 STATE_LOWER_EGYPT: "Basse-Égypte"
 STATE_MATRUH: "Matruh"
 STATE_MIDDLE_EGYPT: "Moyenne-Égypte"
 STATE_SINAI: "Sinaï"
 STATE_DONGOLA: "Dongola"
 STATE_KORDOFAN: "Kordofan"
 STATE_DARFUR: "Darfour"
 STATE_BLUE_NILE: "Nil Bleu"
 STATE_NEW_BRUNSWICK: "New Brunswick"
 STATE_NORTH_ANGOLA: "Nord de l’Angola"
 STATE_SOUTH_ANGOLA: "Sud de l’Angola"
 STATE_EAST_ANGOLA: "Angola oriental"
 STATE_INDIAN_OCEAN_TERRITORY: "Territoire britannique de l’océan Indien"
 STATE_LOURENCO_MARQUES: "Lourenço Marques"
 STATE_MOCAMBIQUE: "Mozambique"
 STATE_ZAMBEZIA: "Zambézie"
 STATE_EASTERN_CAPE: "Cap oriental"
 STATE_CAPE_COLONY: "Colonie du Cap"
 STATE_NORTHERN_CAPE: "Cap-Nord"
 STATE_HOME_COUNTIES: "Home Counties"
 STATE_LANCASHIRE: "Lancashire"
 STATE_WALES: "Pays de Galles"
 STATE_YORKSHIRE: "Yorkshire"
 STATE_HIGHLANDS: "Highlands"
 STATE_MIDLANDS: "Midlands"
 STATE_EAST_ANGLIA: "Est-Anglie"
 STATE_WEST_COUNTRY: "West Country"
 STATE_LOWLANDS: "Lowlands"
 STATE_ULSTER: "Ulster"
 STATE_MUNSTER: "Munster"
 STATE_LEINSTER: "Leinster"
 STATE_LANGUEDOC: "Languedoc"
 STATE_RHONE: "Rhône"
 STATE_FRENCH_LOW_COUNTRIES: "Pays-Bas français"
 STATE_PICARDY: "Picardie"
 STATE_PROVENCE: "Provence"
 STATE_ALSACE_LORRAINE: "Alsace-Lorraine"
 STATE_NORMANDY: "Normandie"
 STATE_POITOU: "Poitou-Saintonge"
 STATE_GUYENNE: "Guyenne"
 STATE_AUVERGNE_LIMOUSIN: "Auvergne-Limousin"
 STATE_BRITTANY: "Bretagne"
 STATE_BURGUNDY: "Bourgogne"
 STATE_CHAMPAGNE: "Champagne"
 STATE_FRANCHE_COMTE: "Franche-Comté"
 STATE_LORRAINE: "Lorraine"
 STATE_AQUITAINE: "Aquitaine"
 STATE_ORLEANS: "Orléanais-Berry"
 STATE_ILE_DE_FRANCE: "Île-de-France"
 STATE_ELBE: "Elbe"
 STATE_BEIRA: "Beira"
 STATE_ESTREMADURA: "Estrémadure"
 STATE_ALENTEJO: "Alentejo"
 STATE_CAPE_VERDE: "Cap-Vert"
 STATE_MADEIRA: "Madère"
 STATE_CANARY_ISLANDS: "Îles Canaries"
 STATE_AZORES: "Açores"
 STATE_GRANADA: "Andalousie orientale"
 STATE_ANDALUSIA: "Andalousie occidentale"
 STATE_BADAJOZ: "Badajoz"
 STATE_VALENCIA: "Valence"
 STATE_TOLEDO: "Tolède"
 STATE_WALLONIA: "Wallonie"
 STATE_FLANDERS: "Flandres"
 STATE_HOLLAND: "Hollande"
 STATE_FRIESLAND: "Frise"
 STATE_GELRE: "Gueldre"
 STATE_JUTLAND: "Jutland"
 STATE_ZEALAND: "Seeland"
 STATE_WESTERN_NORWAY: "Vestlandet"
 STATE_NORTHERN_NORWAY: "Nord-Norge"
 STATE_EASTERN_NORWAY: "Østlandet"
 STATE_EAST_SWITZERLAND: "Suisse orientale"
 STATE_WEST_SWITZERLAND: "Suisse occidentale"
 STATE_PUERTO_RICO: "Porto Rico"
 STATE_CRETE: "Crète"
 STATE_WEST_INDIES: "Indes occidentales"
 STATE_BERMUDA: "Bermudes"
 STATE_BAHAMAS: "Bahamas"
 STATE_JAMAICA: "Jamaïque"
 STATE_BALUCHISTAN: "Balouchistan"
 STATE_ORISSA: "Orissa"
 STATE_SINDH: "Sindh"
 STATE_RAJPUTANA: "Rajputana"
 STATE_CIRCARS: "Andhra"
 STATE_PUNJAB: "Pendjab"
 STATE_NAGPUR: "Nagpur"
 STATE_MYSORE: "Mysore"
 STATE_TRAVANCORE: "Travancore"
 STATE_MADRAS: "Madras"
 STATE_KASHMIR: "Kashmir"
 STATE_HYDERABAD: "Hyderabad"
 STATE_GUJARAT: "Gujarat"
 STATE_CENTRAL_INDIA: "Inde centrale"
 STATE_BOMBAY: "Bombay"
 STATE_BIHAR: "Bihar"
 STATE_SOUTH_BENGAL: "Bengale du Sud"
 STATE_NORTH_BENGAL: "Bengale du Nord"
 STATE_ASSAM: "Assam"
 STATE_DELHI: "Delhi"
 STATE_AWADH: "Awadh"
 STATE_TENASSERIM: "Tenasserim"
 STATE_KACHIN: "Kachin"
 STATE_SHAN_STATES: "États Shan"
 STATE_PEGU: "Pégou"
 STATE_NORTH_SUMATRA: "Sumatra du Nord"
 STATE_SOUTH_SUMATRA: "Sumatra du Sud"
 STATE_CELEBES: "Célèbes"
 STATE_ACEH: "Aceh"
 STATE_WESTERN_NEW_GUINEA: "Nouvelle-Guinée occidentale"
 STATE_MOLUCCAS: "Moluques"
 STATE_WEST_BORNEO: "Bornéo occidental"
 STATE_EAST_BORNEO: "Bornéo oriental"
 STATE_SUNDA_ISLANDS: "Îles de la Sonde"
 STATE_MALAYA: "Malaya"
 STATE_NORTH_BORNEO: "Bornéo du Nord"
 STATE_MINDANAO: "Mindanao"
 STATE_LUZON: "Luçon"
 STATE_VISAYAS: "Visayas"
 STATE_ATTICA: "Attique"
 STATE_SKOPIA: "Skopia"
 STATE_MACEDONIA: "Macédoine"
 STATE_THESSALIA: "Thessalie"
 STATE_WESTERN_THRACE: "Thrace occidentale"
 STATE_NORTHERN_THRACE: "Thrace du Nord"
 STATE_BULGARIA: "Bulgarie"
 STATE_DOBRUDJA: "Dobroudja"
 STATE_SOUTH_MADAGASCAR: "Sud de Madagascar"
 STATE_NORTH_MADAGASCAR: "Nord de Madagascar"
 STATE_OROMIA: "Oromia"
 STATE_AMHARA: "Amhara"
 STATE_GONDER: "Gondar"
 STATE_KAZEMBE: "Kazembe"
 STATE_ERITREA: "Érythrée"
 STATE_SOMALILAND: "Somaliland"
 STATE_NAMAQUALAND: "Namaqualand"
 STATE_HEREROLAND: "Hereroland"
 STATE_ZAMBEZI: "Zambezi"
 STATE_KENYA: "Kenya"
 STATE_RIFT_VALLEY: "Vallée du Grand Rift"
 STATE_CHAD: "Tchad"
 STATE_WADDAI: "Ouaddaï"
 STATE_LINDI: "Lindi"
 STATE_ZANZIBAR: "Zanzibar"
 STATE_TANGANYIKA: "Tanganyika"
 STATE_MAURITANIA: "Mauritanie"
 STATE_INNER_MAURITANIA: "Mauritanie intérieure"
 STATE_EASTERN_MALI: "Mali oriental"
 STATE_WESTERN_MALI: "Mali occidental"
 STATE_TIMBUKTU: "Tombouctou"
 STATE_HAUSALAND: "Royaumes haoussa"
 STATE_BENIN: "Bénin"
 STATE_YORUBA_STATES: "Terres des Yorubas"
 STATE_NIGER_DELTA: "Delta du Niger"
 STATE_OUTER_HAUSALAND: "Royaumes haoussa extérieurs"
 STATE_NIGER: "Niger"
 STATE_BORNU: "Bornou"
 STATE_NIGERIA: "Nigeria"
 STATE_EAST_HAUSALAND: "Royaumes haoussa de l’Est"
 STATE_KATANGA: "Katanga"
 STATE_CONGO_ORIENTALE: "Congo oriental"
 STATE_KASAI: "Kasaï"
 STATE_BAS_CONGO: "Bas-Congo"
 STATE_EQUATEUR: "Équateur"
 STATE_UGANDA: "Ouganda"
 STATE_EQUATORIA: "Équatoria"
 STATE_VOLTA: "Volta"
 STATE_NORTH_CAMEROON: "Région du Nord"
 STATE_SOUTH_CAMEROON: "Cameroun méridional"
 STATE_UBANGI_SHARI: "Oubangui-Chari"
 STATE_CONGO: "Congo"
 STATE_IVORY_COAST: "Côte d’Ivoire"
 STATE_WINDWARD_COAST: "Côte au vent"
 STATE_SENEGAL: "Sénégal"
 STATE_GAMBIA: "Gambie"
 STATE_SIERRA_LEONE: "Sierra Leone"
 STATE_ZULULAND: "Royaume zoulou"
 STATE_VRYSTAAT: "État libre"
 STATE_TRANSVAAL: "Transvaal"
 STATE_EASTERN_NEW_GUINEA: "Nouvelle-Guinée orientale"
 STATE_MELANESIA: "Mélanésie"
 STATE_FIJI: "Fidji"
 STATE_VANUATU: "Vanuatu"
 STATE_KANAK: "Kanak"
 STATE_BOUGAINVILLE: "Bougainville"
 STATE_SOLOMON_ISLANDS: "Îles Salomon"
 STATE_NAURU: "Nauru"
 STATE_HAIL: "Hail"
 STATE_NEJD: "Nejd"
 STATE_TRANSJORDAN: "Transjordanie"
 STATE_PALESTINE: "Palestine"
 STATE_LEBANON: "Liban"
 STATE_SYRIA: "Syrie"
 STATE_ALEPPO: "Alep"
 STATE_BAGHDAD: "Bagdad"
 STATE_BASRA: "Bassorah"
 STATE_MOSUL: "Mossoul"
 STATE_LARISTAN: "Kerman"
 STATE_SISTAN: "Sistan"
 STATE_KHORASAN: "Khorassan"
 STATE_KHUZESTAN: "Arabistan"
 STATE_FARS: "Fars"
 STATE_ISFAHAN: "Ispahan"
 STATE_MAZANDARAN: "Mazandéran"
 STATE_IRAKAJEMI: "Irak-i-Ajami"
 STATE_TABRIZ: "Tabriz"
 STATE_LURISTAN: "Lorestan"
 STATE_ARMENIA: "Arménie"
 STATE_AZERBAIJAN: "Azerbaïdjan"
 STATE_GREATER_CAUCASUS: "Grand Caucase"
 STATE_MONTENEGRO: "Monténégro"
 STATE_NORTHERN_SERBIA: "Nord de la Serbie"
 STATE_SOUTHERN_SERBIA: "Sud de la Serbie"
 STATE_EASTERN_THRACE: "Thrace orientale"
 STATE_HUDAVENDIGAR: "Hüdavendigâr"
 STATE_AYDIN: "Aydın"
 STATE_KONYA: "Konya"
 STATE_KASTAMONU: "Kastamonu"
 STATE_CYPRUS: "Chypre"
 STATE_TRABZON: "Trabzon"
 STATE_WEST_AEGEAN_ISLANDS: "Îles Égéennes occidentales"
 STATE_EAST_AEGEAN_ISLANDS: "Îles Égéennes orientales"
 STATE_ANKARA: "Ankara"
 STATE_WESTERN_AFGHANISTAN: "Afghanistan de l’Ouest"
 STATE_DIYARBAKIR: "Diyarbakır"
 STATE_ERZURUM: "Erzurum"
 STATE_KARS: "Kars"
 STATE_EASTERN_AFGHANISTAN: "Afghanistan de l’Est"
 STATE_BANGKOK: "Bangkok"
 STATE_MEKONG: "Mékong"
 STATE_TONKIN: "Tonkin"
 STATE_ANNAM: "Annam"
 STATE_LAOS: "Laos"
 STATE_CHIANG_MAI: "Chiang Mai"
 STATE_NAKHON_RATCHASIMA: "Nakhon Ratchasima"
 STATE_SEOUL: "Gyeonggi"
 STATE_BUSAN: "Yeongnam"
 STATE_SARIWON: "Gwanbuk"
 STATE_PYONGYANG: "Yangseo"
 STATE_YANGHO: "Yangho"
 STATE_HOKKAIDO: "Hokkaidō"
 STATE_TOHOKU: "Tōhoku"
 STATE_KANTO: "Kantō"
 STATE_CHUBU: "Chūbu"
 STATE_KANSAI: "Kansai"
 STATE_KYUSHU: "Kyūshū"
 STATE_RYUKYU_ISLANDS: "Archipel Ryūkyū"
 STATE_CHUGOKU: "Chūgoku"
 STATE_SHIKOKU: "Shikoku"
 STATE_LHASA: "Lhassa"
 STATE_NGARI: "Ngari"
 STATE_HIMALAYAS: "Himalaya"
 STATE_DZUNGARIA: "Dzoungarie"
 STATE_TIANSHAN: "Tian Shan"
 STATE_SICHUAN: "Sichuan"
 STATE_YUNNAN: "Yunnan"
 STATE_GUIZHOU: "Guizhou"
 STATE_SHAOZHOU: "Shaozhou"
 STATE_HINGGAN: "Monan"
 STATE_ALXA: "Alxa"
 STATE_GUANGXI: "Guangxi"
 STATE_SOUTHERN_MANCHURIA: "Sud de la Mandchourie"
 STATE_NORTHERN_MANCHURIA: "Nord de la Mandchourie"
 STATE_SHANDONG: "Shandong"
 STATE_BEIJING: "Beijing"
 STATE_SHANXI: "Shanxi"
 STATE_XIAN: "Xi’an"
 STATE_NINGXIA: "Ningxia"
 STATE_GANSU: "Gansu"
 STATE_QINGHAI: "Qinghai"
 STATE_CHONGQING: "Chongqing"
 STATE_GUANGDONG: "Guangdong"
 STATE_FUJIAN: "Fujian"
 STATE_ZHEJIANG: "Zhejiang"
 STATE_SUZHOU: "Suzhou"
 STATE_JIANGSU: "Jiangsu"
 STATE_NANJING: "Nankin"
 STATE_HENAN: "Henan"
 STATE_ZHILI: "Hebei"
 STATE_JIANGXI: "Jiangxi"
 STATE_SOUTHERN_ANHUI: "Sud de l’Anhui"
 STATE_NORTHERN_ANHUI: "Nord de l’Anhui"
 STATE_WESTERN_HUBEI: "Hubei occidental"
 STATE_EASTERN_HUBEI: "Hubei oriental"
 STATE_HUNAN: "Hunan"
 STATE_FORMOSA: "Formosa"
 STATE_SOUTHERN_FINLAND: "Finlande méridionale"
 STATE_OSTROBOTHNIA: "Ostrobotnie"
 STATE_WEST_KARELIA: "Carélie occidentale"
 STATE_ESTONIA: "Estonie"
 STATE_LATVIA: "Lettonie"
 STATE_LITHUANIA: "Lituanie"
 STATE_CHUKOTKA: "Tchoukotka"
 STATE_NENETSIA: "Nénétsie"
 STATE_EAST_KARELIA: "Carélie orientale"
 STATE_ARKHANGELSK: "Arkhangelsk"
 STATE_TARTARIA: "Saratov"
 STATE_OUTER_MANCHURIA: "Mandchourie extérieure"
 STATE_UZBEKIA: "Ouzbékistan"
 STATE_KHIVA: "Khiva"
 STATE_TAJIKISTAN: "Tadjikistan"
 STATE_KIRGHIZIA: "Kirghizistan"
 STATE_URALSK: "Ouralsk"
 STATE_TURKMENIA: "Turkménistan"
 STATE_SEMIRECHE: "Semiretchie"
 STATE_AKMOLINSK: "Akmolinsk"
 STATE_KAMCHATKA: "Kamtchatka"
 STATE_OKHOTSK: "Okhotsk"
 STATE_YAKUTSK: "Iakoutsk"
 STATE_TRANS_BAIKAL: "Transbaïkalie"
 STATE_IRKUTSK: "Irkoutsk"
 STATE_TOMSK: "Tomsk"
 STATE_TOBOLSK: "Tobolsk"
 STATE_UPPER_YENISEYSK: "Nord de Ienisseïsk"
 STATE_OB: "Ob"
 STATE_URAL: "Oural"
 STATE_SAMARA: "Samara"
 STATE_KAZAN: "Kazan"
 STATE_PERM: "Perm"
 STATE_GALICH: "Galitch"
 STATE_TVER: "Tver"
 STATE_MOSCOW: "Moscou"
 STATE_DAGESTAN: "Daghestan"
 STATE_KUBAN: "Kouban"
 STATE_ASTRAKHAN: "Astrakhan"
 STATE_ROSTOV: "Rostov"
 STATE_CRIMEA: "Crimée"
 STATE_LUHANSK: "Louhansk"
 STATE_KURSK: "Koursk"
 STATE_NOVGOROD: "Novgorod"
 STATE_INGRIA: "Ingrie"
 STATE_CHERSON: "Cherson"
 STATE_BESSARABIA: "Bessarabie"
 STATE_BRYANSK: "Briansk"
 STATE_SMOLENSK: "Smolensk"
 STATE_ORSHA: "Orcha"
 STATE_CAMPANIA: "Campanie"
 STATE_CALABRIA: "Calabre"
 STATE_ABRUZZO: "Abruzzes"
 STATE_APULIA: "Pouilles"
 STATE_WEST_GALICIA: "Galicie occidentale"
 STATE_EAST_GALICIA: "Galicie orientale"
 STATE_EAST_SLOVAKIA: "Slovaquie orientale"
 STATE_WEST_SLOVAKIA: "Slovaquie occidentale"
 STATE_DALMATIA: "Dalmatie"
 STATE_CROATIA: "Croatie"
 STATE_SLAVONIA: "Slavonie"
 STATE_BEKES: "Békés"
 STATE_TRANSDANUBIA: "Transdanubie"
 STATE_ISTRIA: "Istrie"
 STATE_VENETIA: "Vénétie"
 STATE_LOMBARDY: "Lombardie"
 STATE_BOHEMIA: "Bohême"
 STATE_MORAVIA: "Moravie"
 STATE_CENTRAL_HUNGARY: "Hongrie centrale"
 STATE_STYRIA: "Styrie"
 STATE_TYROL: "Tyrol"
 STATE_AUSTRIA: "Autriche"
 STATE_SOUTH_TYROL: "Sud-Tyrol"
 STATE_SLOVENIA: "Slovénie"
 STATE_DELVIDEK: "Délvidék"
 STATE_POSEN: "Posen"
 STATE_WESTPHALIA: "Westphalie"
 STATE_ANHALT: "Anhalt"
 STATE_POMERANIA: "Poméranie"
 STATE_WEST_PRUSSIA: "Prusse-Occidentale"
 STATE_EAST_PRUSSIA: "Prusse-Orientale"
 STATE_RHINELAND: "Rhénanie"
 STATE_NORTH_RHINE: "Rhénanie du Nord-Westphalie"
 STATE_SILESIA: "Silésie"
 STATE_BRANDENBURG: "Brandebourg"
 STATE_SCHLESWIG_HOLSTEIN: "Schleswig-Holstein"
 STATE_WURTTEMBERG: "Wurtemberg"
 STATE_BADEN: "Bade"
 STATE_HANNOVER: "Hanovre"
 STATE_NASSAU: "Nassau"
 STATE_BAVARIA: "Bavière"
 STATE_FRANCONIA: "Franconie"
 STATE_SAXONY: "Saxe"
 STATE_HESSE: "Hesse"
 STATE_BRUNSWICK: "Brunswick"
 STATE_GREATER_POLAND: "Grande-Pologne"
 STATE_LESSER_POLAND: "Petite-Pologne"
 STATE_PIEDMONT: "Piémont"
 STATE_SARDINIA: "Sardaigne"
 STATE_SAKHALIN: "Sakhaline"
 STATE_TARAPACA: "Tarapacá"
 STATE_ANTOFAGASTA: "Antofagasta"
 STATE_BREST: "Brest"
 STATE_MAZOVIA: "Mazovie"
 STATE_VOLHYNIA: "Volhynie"
 STATE_KIEV: "Kiev"
 STATE_RIAU_ISLANDS: "Îles Riau"
 STATE_MECKLENBURG: "Mecklenbourg"
 STATE_MALTA: "Malte"
 STATE_UMBRIA: "Ombrie"
 STATE_BANAT: "Banat"
 STATE_CORSICA: "Corse"
 STATE_PASHTUNISTAN: "Pachtounistan"
 STATE_UTAH: "Utah"
 STATE_SOUTH_CAROLINA: "Caroline du Sud"
 STATE_CHIAPAS: "Chiapas"
 STATE_SAN_SALVADOR: "San Salvador"
 STATE_ADANA: "Adana"
 STATE_CONNAUGHT: "Connacht"
 STATE_TUVA: "Touva"
 STATE_MASCARENES: "Mascareignes"
 STATE_HAWAIIAN_SEAMOUNT_CHAIN: "Chaîne sous-marine Hawaï-Empereur"
 STATE_MICRONESIAN_SEA: "Mer de Micronésie"
 STATE_SOUTH_PACIFIC_LANE_1: "Océan Pacifique Sud"
 STATE_SOUTH_PACIFIC_LANE_2: "Océan Pacifique Sud"
 STATE_EASTER_ISLAND_LANE_1: "Océan Pacifique Sud"
 STATE_EASTER_ISLAND_LANE_2: "Océan Pacifique Sud"
 STATE_EASTER_ISLAND_LANE_3: "Océan Pacifique Sud"
 STATE_PACIFIC_LANE_01: "Océan Pacifique"
 STATE_PACIFIC_LANE_02: "Océan Pacifique"
 STATE_PACIFIC_LANE_03: "Océan Pacifique"
 STATE_PACIFIC_LANE_04: "Océan Pacifique"
 STATE_PACIFIC_LANE_05: "Océan Pacifique"
 STATE_PACIFIC_LANE_06: "Océan Pacifique"
 STATE_SOUTHERN_OCEAN: "Océan Austral"
 STATE_FAROE_BANK: "Baie des Féroé"
 STATE_GULF_OF_MAINE: "Golfe du Maine"
 STATE_HORN_OF_AFRICA: "Corne de l’Afrique"
 STATE_DAVIS_STRAIT: "Détroit de Davis"
 STATE_GALAPAGOS_RISE: "Plaque des Galápagos"
 STATE_EASTERN_CARIBBEAN_SEA: "Mer des Caraïbes de l’Est"
 STATE_WESTERN_CARIBBEAN_SEA: "Mer des Caraïbes de l’Ouest"
 STATE_WESTERN_MEDITERRANEAN_SEA: "Mer Méditerranée de l’Ouest"
 STATE_CENTRAL_MEDITERRANEAN_SEA: "Mer Méditerranée centrale"
 STATE_EASTERN_MEDITERRANEAN_SEA: "Mer Méditerranée de l’Est"
 STATE_ARCTIC_OCEAN: "Océan Arctique"
 STATE_NORTH_ATLANTIC_01: "Océan Atlantique Nord"
 STATE_NORTH_ATLANTIC_02: "Océan Atlantique Nord"
 STATE_NORTH_ATLANTIC_03: "Océan Atlantique Nord"
 STATE_NORTH_ATLANTIC_04: "Océan Atlantique Nord"
 STATE_NORTH_ATLANTIC_05: "Océan Atlantique Nord"
 STATE_NORTH_ATLANTIC_06: "Océan Atlantique Nord"
 STATE_NORTH_ATLANTIC_07: "Océan Atlantique Nord"
 STATE_NORTH_ATLANTIC_08: "Océan Atlantique Nord"
 STATE_NORTH_ATLANTIC_09: "Océan Atlantique Nord"
 STATE_NORTH_ATLANTIC_10: "Océan Atlantique Nord"
 STATE_NORTH_ATLANTIC_11: "Océan Atlantique Nord"
 STATE_ATLANTIC_OCEAN_01: "Océan Atlantique"
 STATE_ATLANTIC_OCEAN_02: "Océan Atlantique"
 STATE_ATLANTIC_OCEAN_03: "Océan Atlantique"
 STATE_ATLANTIC_OCEAN_04: "Océan Atlantique"
 STATE_ATLANTIC_OCEAN_05: "Océan Atlantique"
 STATE_WEST_AFRICAN_COAST: "Côte de l’Afrique occidentale"
 STATE_SOUTH_ATLANTIC_SEA_LANE_01: "Océan Atlantique Sud"
 STATE_SOUTH_ATLANTIC_SEA_LANE_02: "Océan Atlantique Sud"
 STATE_SOUTH_ATLANTIC_SEA_LANE_03: "Océan Atlantique Sud"
 STATE_SOUTH_ATLANTIC_SEA_LANE_04: "Océan Atlantique Sud"
 STATE_SOUTH_ATLANTIC_SEA_LANE_05: "Océan Atlantique Sud"
 STATE_SOUTH_ATLANTIC_SEA_LANE_06: "Océan Atlantique Sud"
 STATE_SOUTH_ATLANTIC_SEA_LANE_08: "Océan Atlantique Sud"
 STATE_COAST_OF_SAINT_HELENA: "Côte de Sainte-Hélène"
 STATE_INDIAN_OCEAN_LANE_01: "Océan Indien"
 STATE_INDIAN_OCEAN_LANE_02: "Océan Indien"
 STATE_INDIAN_OCEAN_LANE_03: "Océan Indien"
 STATE_INDIAN_OCEAN_LANE_04: "Océan Indien"
 STATE_INDIAN_OCEAN_LANE_05: "Océan Indien"
 STATE_INDIAN_OCEAN_LANE_06: "Océan Indien"
 STATE_EASTER_ISLAND: "Île de Pâques"
 STATE_EASTERN_POLYNESIA: "Polynésie orientale"
 STATE_NATAL_COAST: "Côte de Natal"
 STATE_NORTH_ATLANTIC_OCEAN_01: "Océan Atlantique Nord"
 STATE_NORTH_ATLANTIC_OCEAN_02: "Océan Atlantique Nord"
 STATE_NORTH_ATLANTIC_OCEAN_03: "Océan Atlantique Nord"
 STATE_NORTH_ATLANTIC_OCEAN_04: "Océan Atlantique Nord"
 STATE_NORTH_ATLANTIC_OCEAN_05: "Océan Atlantique Nord"
 STATE_NORTH_ATLANTIC_OCEAN_06: "Océan Atlantique Nord"
 STATE_SOUTH_ATLANTIC_OCEAN_01: "Océan Atlantique Sud"
 STATE_SOUTH_ATLANTIC_OCEAN_02: "Océan Atlantique Sud"
 STATE_SOUTH_ATLANTIC_OCEAN_03: "Océan Atlantique Sud"
 STATE_SOUTH_ATLANTIC_OCEAN_04: "Océan Atlantique Sud"
 STATE_SOUTH_ATLANTIC_OCEAN_05: "Océan Atlantique Sud"
 STATE_SOUTH_ATLANTIC_OCEAN_06: "Océan Atlantique Sud"
 STATE_SOUTHERN_OCEAN_01: "Océan Austral"
 STATE_SOUTHERN_OCEAN_02: "Océan Austral"
 STATE_INDIAN_OCEAN_01: "Océan Indien"
 STATE_INDIAN_OCEAN_02: "Océan Indien"
 STATE_INDIAN_OCEAN_03: "Océan Indien"
 STATE_NORTH_PACIFIC_OCEAN_01: "Océan Pacifique Nord"
 STATE_NORTH_PACIFIC_OCEAN_02: "Océan Pacifique Nord"
 STATE_NORTH_PACIFIC_OCEAN_03: "Océan Pacifique Nord"
 STATE_NORTH_PACIFIC_OCEAN_04: "Océan Pacifique Nord"
 STATE_NORTH_PACIFIC_OCEAN_05: "Océan Pacifique Nord"
 STATE_NORTH_PACIFIC_OCEAN_06: "Océan Pacifique Nord"
 STATE_NORTH_PACIFIC_OCEAN_07: "Océan Pacifique Nord"
 STATE_NORTH_PACIFIC_OCEAN_08: "Océan Pacifique Nord"
 STATE_NORTH_PACIFIC_OCEAN_09: "Océan Pacifique Nord"
 STATE_NORTH_PACIFIC_OCEAN_10: "Océan Pacifique Nord"
 STATE_NORTH_PACIFIC_OCEAN_11: "Océan Pacifique Nord"
 STATE_SOUTH_PACIFIC_OCEAN_01: "Océan Pacifique Sud"
 STATE_SOUTH_PACIFIC_OCEAN_02: "Océan Pacifique Sud"
 STATE_SOUTH_PACIFIC_OCEAN_03: "Océan Pacifique Sud"
 STATE_SOUTH_PACIFIC_OCEAN_04: "Océan Pacifique Sud"
 STATE_SOUTH_PACIFIC_OCEAN_05: "Océan Pacifique Sud"
 STATE_SOUTH_PACIFIC_OCEAN_06: "Océan Pacifique Sud"
 STATE_SOUTH_PACIFIC_OCEAN_07: "Océan Pacifique Sud"
 STATE_SOUTH_PACIFIC_OCEAN_08: "Océan Pacifique Sud"
 STATE_SOUTH_PACIFIC_OCEAN_09: "Océan Pacifique Sud"
 STATE_PACIFIC_SEABOARD_01: "Littoral Pacifique"
 STATE_PACIFIC_SEABOARD_02: "Littoral Pacifique"
 STATE_BARENTS_SEA: "Mer de Barents"
 STATE_ARCTIC_OCEAN_01: "Océan Arctique"
 STATE_ARCTIC_OCEAN_02: "Océan Arctique"
 STATE_ARCTIC_OCEAN_04: "Océan Arctique"
 STATE_ARCTIC_OCEAN_05: "Océan Arctique"
 STATE_ARCTIC_OCEAN_06: "Océan Arctique"
 STATE_ARCTIC_OCEAN_07: "Océan Arctique"
 STATE_ALAND: "Åland"
 STATE_BURMA: "Birmanie"
 STATE_NORTH_PHILIPPINES_SEA: "Mer des Philippines du Nord"
 STATE_SOUTH_PHILIPPINES_SEA: "Mer des Philippines du Sud"
 STATE_PATAGONIAN_LAKES: "Lacs de Patagonie"
 STATE_LAKE_NICARAGUA: "Lac Nicaragua"
 STATE_GOIAS: "Goiás"
 STATE_ACRE: "Acre"
 STATE_PIAUI: "Piauí"
 STATE_CEARA: "Ceará"
 STATE_PARAIBA: "Paraíba"
 STATE_SANTA_CATARINA: "Santa Catarina"
 STATE_VERACRUZ: "Veracruz"
 STATE_SINALOA: "Sinaloa"
 STATE_BAJIO: "Bajío"
 STATE_OAXACA: "Oaxaca"
 STATE_SHENGJING: "Shengjing"
 STATE_JETISY: "Ili"
 STATE_RUHR: "Ruhr"
 STATE_MAINE_ANJOU: "Maine-Anjou"
