l_braz_por:
 STATE_MINSK: "Minsk"
 STATE_ALASKA: "Alasca"
 STATE_WASHINGTON: "Sul de Colúmbia"
 STATE_OREGON: "Oregon"
 STATE_IDAHO: "Idaho"
 STATE_COLORADO: "Colorado"
 STATE_WYOMING: "Wyoming"
 STATE_MONTANA: "Montana"
 STATE_NORTH_DAKOTA: "Dacota do Norte"
 STATE_SOUTH_DAKOTA: "Dacota do Sul"
 STATE_NEBRASKA: "Nebrasca"
 STATE_KANSAS: "Kansas"
 STATE_OKLAHOMA: "Oklahoma"
 STATE_LOUISIANA: "Louisiana"
 STATE_ARKANSAS: "Arkansas"
 STATE_MISSOURI: "Missouri"
 STATE_IOWA: "Iowa"
 STATE_MINNESOTA: "Minnesota"
 STATE_WISCONSIN: "Wisconsin"
 STATE_NEW_YORK: "Nova York"
 STATE_INDIANA: "Indiana"
 STATE_MICHIGAN: "Michigan"
 STATE_OHIO: "Ohio"
 STATE_KENTUCKY: "Kentucky"
 STATE_TENNESSEE: "Tennessee"
 STATE_MISSISSIPPI: "Mississippi"
 STATE_ALABAMA: "Alabama"
 STATE_FLORIDA: "Flórida"
 STATE_GEORGIA: "Geórgia"
 STATE_VIRGINIA: "Virgínia"
 STATE_DISTRICT_OF_COLUMBIA: "Distrito de Colúmbia"
 STATE_WEST_VIRGINIA: "Virgínia Ocidental"
 STATE_MARYLAND: "Maryland"
 STATE_DELAWARE: "Delaware"
 STATE_PENNSYLVANIA: "Pensilvânia"
 STATE_NEW_JERSEY: "Nova Jersey"
 STATE_ILLINOIS: "Illinois"
 STATE_MASSACHUSETTS: "Massachusetts"
 STATE_NEW_HAMPSHIRE: "Nova Hampshire"
 STATE_CONNECTICUT: "Connecticut"
 STATE_RHODE_ISLAND: "Rhode Island"
 STATE_VERMONT: "Vermont"
 STATE_MAINE: "Maine"
 STATE_NORTH_CAROLINA: "Carolina do Norte"
 STATE_TEXAS: "Texas"
 STATE_YUKON_TERRITORY: "Território de Yukon"
 STATE_NORTHWEST_TERRITORIES: "Territórios do Noroeste"
 STATE_NUNAVUT: "Nunavut"
 STATE_BRITISH_COLUMBIA: "Norte de Colúmbia"
 STATE_ALBERTA: "Alberta"
 STATE_SASKATCHEWAN: "Saskatchewan"
 STATE_MANITOBA: "Manitoba"
 STATE_ONTARIO: "Ontário"
 STATE_QUEBEC: "Quebec"
 STATE_NEWFOUNDLAND: "Terra Nova"
 STATE_GUATEMALA: "Guatemala"
 STATE_HONDURAS: "Honduras"
 STATE_NICARAGUA: "Nicarágua"
 STATE_COSTA_RICA: "Costa Rica"
 STATE_PANAMA: "Panamá"
 STATE_CUBA: "Cuba"
 STATE_URUGUAY: "Uruguai"
 STATE_ECUADOR: "Equador"
 STATE_SANTO_DOMINGO: "Santo Domingo"
 STATE_HAITI: "Haiti"
 STATE_GOTLAND: "Gotlândia"
 STATE_GOTALAND: "Gotalândia"
 STATE_SCANIA: "Escânia"
 STATE_NORRLAND: "Norlândia"
 STATE_SVEALAND: "Svealândia"
 STATE_SICILY: "Sicília"
 STATE_PELOPONNESE: "Peloponeso"
 STATE_IONIAN_ISLANDS: "Ilhas Jônicas"
 STATE_ALBANIA: "Albânia"
 STATE_BOSNIA: "Bósnia"
 STATE_NAVARRA: "Navarra"
 STATE_SOUTHERN_TRANSYLVANIA: "Transilvânia do Sul"
 STATE_HAWAIIAN_ISLANDS: "Ilhas Havaianas"
 STATE_NORTHERN_TRANSYLVANIA: "Transilvânia do Norte"
 STATE_MOLDAVIA: "Moldávia"
 STATE_WALLACHIA: "Valáquia"
 STATE_GALICIA: "Galícia"
 STATE_ASTURIAS: "Astúrias"
 STATE_CASTILE: "Castela"
 STATE_ARAGON: "Aragão"
 STATE_CATALONIA: "Catalunha"
 STATE_BALEARES: "Baleares"
 STATE_NEW_SOUTH_WALES: "Nova Gales do Sul"
 STATE_VICTORIA: "Victoria"
 STATE_TASMANIA: "Tasmânia"
 STATE_QUEENSLAND: "Queensland"
 STATE_SOUTH_AUSTRALIA: "Austrália do Sul"
 STATE_WESTERN_AUSTRALIA: "Austrália Ocidental"
 STATE_NORTHERN_TERRITORY: "Territórios do Norte"
 STATE_NORTH_ISLAND: "Ilha do Norte"
 STATE_SOUTH_ISLAND: "Ilha do Sul"
 STATE_WEST_MICRONESIA: "Micronésia Ocidental"
 STATE_EAST_MICRONESIA: "Micronésia Oriental"
 STATE_WEST_JAVA: "Java Ocidental"
 STATE_EAST_JAVA: "Java Oriental"
 STATE_CENTRAL_JAVA: "Java Central"
 STATE_CEYLON: "Ceilão"
 STATE_URGA: "Urga"
 STATE_ULIASTAI: "Uliastai"
 STATE_OMAN: "Omã"
 STATE_ABU_DHABI: "Costa Trucial"
 STATE_YEMEN: "Iêmen"
 STATE_HEDJAZ: "Hejaz"
 STATE_TUNISIA: "Tunísia"
 STATE_GUINEA: "Guiné"
 STATE_GHANA: "Gana"
 STATE_TOGO: "Togo"
 STATE_DAHOMEY: "Daomé"
 STATE_DEIR_EZ_ZOR: "Deir ez-Zor"
 STATE_GABON: "Gabão"
 STATE_BOTSWANA: "Botsuana"
 STATE_ZAMBIA: "Zâmbia"
 STATE_CAMBODIA: "Camboja"
 STATE_SAVOY: "Savoy"
 STATE_LIBERIA: "Libéria"
 STATE_EMILIA: "Emília"
 STATE_TUSCANY: "Toscana"
 STATE_ROMAGNA: "Romanha"
 STATE_LAZIO: "Lácio"
 STATE_NEVADA: "Nevada"
 STATE_ARIZONA: "Arizona"
 STATE_NEW_MEXICO: "Novo México"
 STATE_CALIFORNIA: "Califórnia"
 STATE_BAJA_CALIFORNIA: "Baixa Califórnia"
 STATE_SONORA: "Sonora"
 STATE_CHIHUAHUA: "Chihuahua"
 STATE_RIO_GRANDE: "Rio Grande"
 STATE_GUERRERO: "Guerrero"
 STATE_DURANGO: "Durango"
 STATE_YUCATAN: "Iucatã"
 STATE_MEXICO: "México"
 STATE_JALISCO: "Jalisco"
 STATE_ZACATECAS: "Zacatecas"
 STATE_GUAYANA: "Guiana"
 STATE_ZULIA: "Zulia"
 STATE_MIRANDA: "Miranda"
 STATE_BOLIVAR: "Bolívar"
 STATE_ANTIOQUIA: "Antioquia"
 STATE_GUAVIARE: "Guaviare"
 STATE_CUNDINAMARCA: "Cundinamarca"
 STATE_CAUCA: "Cauca"
 STATE_PASTAZA: "Pastaza"
 STATE_CAJAMARCA: "Cajamarca"
 STATE_LIMA: "Lima"
 STATE_ICA: "Ica"
 STATE_AREQUIPA: "Arequipa"
 STATE_AMAZONAS: "Amazonas"
 STATE_MATO_GROSSO: "Mato Grosso"
 STATE_RIO_GRANDE_DO_SUL: "Rio Grande do Sul"
 STATE_PARANA: "Paraná"
 STATE_SAO_PAULO: "São Paulo"
 STATE_MINAS_GERAIS: "Minas Gerais"
 STATE_RIO_DE_JANEIRO: "Rio de Janeiro"
 STATE_TAHITI: "Taiti"
 STATE_TONGA: "Tonga"
 STATE_BAHIA: "Bahia"
 STATE_RIO_GRANDE_DO_NORTE: "Rio Grande do Norte"
 STATE_PERNAMBUCO: "Pernambuco"
 STATE_MARANHAO: "Maranhão"
 STATE_PARA: "Pará"
 STATE_ALTO_PARAGUAY: "Alto Paraguai"
 STATE_BAJO_PARAGUAY: "Baixo Paraguai"
 STATE_BUENOS_AIRES: "Buenos Aires"
 STATE_PATAGONIA: "Patagônia"
 STATE_RIO_NEGRO: "Mendoza"
 STATE_LA_PAMPA: "Córdoba"
 STATE_SANTA_FE: "Santa Fé"
 STATE_CORRIENTES: "Corrientes"
 STATE_TUCUMAN: "Tucumán"
 STATE_CHACO: "Chaco"
 STATE_JUJUY: "Jujuy"
 STATE_SANTA_CRUZ: "Santa Cruz"
 STATE_LA_PAZ: "La Paz"
 STATE_POTOSI: "Potosí"
 STATE_SANTIAGO: "Santiago"
 STATE_LOS_RIOS: "Los Ríos"
 STATE_ARAUCANIA: "Araucanía"
 STATE_SOUTH_ATLANTIC_ISLANDS: "Ilhas do Atlântico Sul"
 STATE_ICELAND: "Islândia"
 STATE_GREENLAND: "Groenlândia"
 STATE_EAST_SAHARA: "Saara Oriental"
 STATE_MARRAKECH: "Marraquexe"
 STATE_FEZ: "Fez"
 STATE_AL_RIF: "Rife"
 STATE_INNER_MOROCCO: "Marrocos Interior"
 STATE_ORAN: "Oran"
 STATE_WEST_SAHARA: "Saara Ocidental"
 STATE_SAHARA: "Saara"
 STATE_ALGIERS: "Argel"
 STATE_CONSTANTINE: "Constantina"
 STATE_TRIPOLI: "Trípoli"
 STATE_LIBYAN_DESERT: "Deserto da Líbia"
 STATE_LIBYA: "Líbia"
 STATE_UPPER_EGYPT: "Alto Egito"
 STATE_EGYPTIAN_DESERT: "Deserto do Egito"
 STATE_LOWER_EGYPT: "Baixo Egito"
 STATE_MATRUH: "Matruh"
 STATE_MIDDLE_EGYPT: "Médio Egito"
 STATE_SINAI: "Sinai"
 STATE_DONGOLA: "Dongola"
 STATE_KORDOFAN: "Cordofão"
 STATE_DARFUR: "Darfur"
 STATE_BLUE_NILE: "Nilo Azul"
 STATE_NEW_BRUNSWICK: "Maritimes"
 STATE_NORTH_ANGOLA: "Angola do Norte"
 STATE_SOUTH_ANGOLA: "Angola do Sul"
 STATE_EAST_ANGOLA: "Angola Oriental"
 STATE_INDIAN_OCEAN_TERRITORY: "Território do Oceano Índico"
 STATE_LOURENCO_MARQUES: "Lourenço Marques"
 STATE_MOCAMBIQUE: "Moçambique"
 STATE_ZAMBEZIA: "Zambézia"
 STATE_EASTERN_CAPE: "Cabo Oriental"
 STATE_CAPE_COLONY: "Colônia do Cabo"
 STATE_NORTHERN_CAPE: "Cabo Setentrional"
 STATE_HOME_COUNTIES: "Condados Domésticos"
 STATE_LANCASHIRE: "Lancashire"
 STATE_WALES: "Gales"
 STATE_YORKSHIRE: "Yorkshire"
 STATE_HIGHLANDS: "Terras Altas"
 STATE_MIDLANDS: "Terras Médias"
 STATE_EAST_ANGLIA: "Ânglia Oriental"
 STATE_WEST_COUNTRY: "West Country"
 STATE_LOWLANDS: "Terras Baixas"
 STATE_ULSTER: "Úlster"
 STATE_MUNSTER: "Münster"
 STATE_LEINSTER: "Leinster"
 STATE_LANGUEDOC: "Languedoc"
 STATE_RHONE: "Ródano"
 STATE_FRENCH_LOW_COUNTRIES: "Países Baixos Franceses"
 STATE_PICARDY: "Picardia"
 STATE_PROVENCE: "Provença"
 STATE_ALSACE_LORRAINE: "Alsácia-Lorena"
 STATE_NORMANDY: "Normandia"
 STATE_POITOU: "Poitou-Saintonge"
 STATE_GUYENNE: "Guiena"
 STATE_AUVERGNE_LIMOUSIN: "Auvérnia-Limousin"
 STATE_BRITTANY: "Bretanha"
 STATE_BURGUNDY: "Borgonha"
 STATE_CHAMPAGNE: "Champanhe"
 STATE_FRANCHE_COMTE: "Franco-Condado"
 STATE_LORRAINE: "Lorena"
 STATE_AQUITAINE: "Aquitânia"
 STATE_ORLEANS: "Orleanês-Berry"
 STATE_ILE_DE_FRANCE: "Île-de-France"
 STATE_ELBE: "Elba"
 STATE_BEIRA: "Beira"
 STATE_ESTREMADURA: "Estremadura"
 STATE_ALENTEJO: "Alentejo"
 STATE_CAPE_VERDE: "Cabo Verde"
 STATE_MADEIRA: "Madeira"
 STATE_CANARY_ISLANDS: "Ilhas Canárias"
 STATE_AZORES: "Açores"
 STATE_GRANADA: "Andaluzia Oriental"
 STATE_ANDALUSIA: "Andaluzia Ocidental"
 STATE_BADAJOZ: "Badajoz"
 STATE_VALENCIA: "Valência"
 STATE_TOLEDO: "Toledo"
 STATE_WALLONIA: "Valônia"
 STATE_FLANDERS: "Flandres"
 STATE_HOLLAND: "Holanda"
 STATE_FRIESLAND: "Frísia"
 STATE_GELRE: "Gelre"
 STATE_JUTLAND: "Jutlândia"
 STATE_ZEALAND: "Zelândia"
 STATE_WESTERN_NORWAY: "Noruega Ocidental"
 STATE_NORTHERN_NORWAY: "Noruega Setentrional"
 STATE_EASTERN_NORWAY: "Noruega Oriental"
 STATE_EAST_SWITZERLAND: "Suíça Oriental"
 STATE_WEST_SWITZERLAND: "Suíça Ocidental"
 STATE_PUERTO_RICO: "Porto Rico"
 STATE_CRETE: "Creta"
 STATE_WEST_INDIES: "Índias Ocidentais"
 STATE_BERMUDA: "Bermuda"
 STATE_BAHAMAS: "Bahamas"
 STATE_JAMAICA: "Jamaica"
 STATE_BALUCHISTAN: "Baluchistão"
 STATE_ORISSA: "Orissa"
 STATE_SINDH: "Sinde"
 STATE_RAJPUTANA: "Rajputana"
 STATE_CIRCARS: "Circars do Norte"
 STATE_PUNJAB: "Punjab"
 STATE_CENTRAL_PROVINCES: "Províncias Centrais"
 STATE_MYSORE: "Mysore"
 STATE_TRAVANCORE: "Malabar"
 STATE_MADRAS: "Carnataca"
 STATE_KASHMIR: "Caxemira"
 STATE_HYDERABAD: "Hyderabad"
 STATE_GUJARAT: "Gujarate"
 STATE_MALWA: "Malwa"
 STATE_BOMBAY: "Bombaim"
 STATE_BIHAR: "Biar"
 STATE_EAST_BENGAL: "Bengala do Leste"
 STATE_WEST_BENGAL: "Bengala do Oeste"
 STATE_ASSAM: "Assame"
 STATE_DELHI: "Deli"
 STATE_AWADH: "Oude"
 STATE_TENASSERIM: "Tenasserim"
 STATE_KACHIN: "Sagaing"
 STATE_SHAN_STATES: "Estados de Xã"
 STATE_PEGU: "Pegu"
 STATE_NORTH_SUMATRA: "Sumatra do Norte"
 STATE_SOUTH_SUMATRA: "Sumatra do Sul"
 STATE_CELEBES: "Celebes"
 STATE_ACEH: "Achém"
 STATE_WESTERN_NEW_GUINEA: "Nova Guiné Ocidental"
 STATE_MOLUCCAS: "Molucas"
 STATE_WEST_BORNEO: "Bornéu Ocidental"
 STATE_EAST_BORNEO: "Bornéu Oriental"
 STATE_SUNDA_ISLANDS: "Ilhas da Sonda"
 STATE_MALAYA: "Malásia"
 STATE_NORTH_BORNEO: "Bornéu do Norte"
 STATE_MINDANAO: "Mindanau"
 STATE_LUZON: "Lução"
 STATE_VISAYAS: "Vissaias"
 STATE_ATTICA: "Ática"
 STATE_SKOPIA: "Skopia"
 STATE_MACEDONIA: "Macedônia"
 STATE_THESSALIA: "Tessália"
 STATE_WESTERN_THRACE: "Trácia Ocidental"
 STATE_NORTHERN_THRACE: "Trácia do Norte"
 STATE_BULGARIA: "Bulgária"
 STATE_DOBRUDJA: "Dobruja"
 STATE_SOUTH_MADAGASCAR: "Madagascar do Sul"
 STATE_NORTH_MADAGASCAR: "Madagascar do Norte"
 STATE_OROMIA: "Oromia"
 STATE_AMHARA: "Amara"
 STATE_GONDER: "Gondar"
 STATE_KAZEMBE: "Kazembe"
 STATE_ERITREA: "Eritreia"
 STATE_SOMALILAND: "Somalilândia"
 STATE_NAMAQUALAND: "Namaqualândia"
 STATE_HEREROLAND: "Hererolândia"
 STATE_ZAMBEZI: "Zambeze"
 STATE_KENYA: "Quênia"
 STATE_RIFT_VALLEY: "Vale do Rifte"
 STATE_CHAD: "Chade"
 STATE_WADDAI: "Uadai"
 STATE_LINDI: "Lindi"
 STATE_ZANZIBAR: "Zanzibar"
 STATE_TANGANYIKA: "Tanganica"
 STATE_MAURITANIA: "Mauritânia"
 STATE_INNER_MAURITANIA: "Mauritânia Interior"
 STATE_EASTERN_MALI: "Mali Oriental"
 STATE_WESTERN_MALI: "Mali Ocidental"
 STATE_TIMBUKTU: "Tombuctu"
 STATE_HAUSALAND: "Hauçalândia"
 STATE_BENIN: "Benim"
 STATE_YORUBA_STATES: "Estados Yorubás"
 STATE_NIGER_DELTA: "Delta do Níger"
 STATE_OUTER_HAUSALAND: "Hauçalândia Exterior"
 STATE_NIGER: "Níger"
 STATE_BORNU: "Bornu"
 STATE_NIGERIA: "Nigéria"
 STATE_EAST_HAUSALAND: "Hauçalândia Oriental"
 STATE_KATANGA: "Catanga"
 STATE_CONGO_ORIENTALE: "Lualaba" #Congo Orientale
 STATE_KASAI: "Cassai"
 STATE_BAS_CONGO: "Baixo Congo"
 STATE_EQUATEUR: "Equador"
 STATE_UGANDA: "Uganda"
 STATE_EQUATORIA: "Equatória"
 STATE_VOLTA: "Volta"
 STATE_NORTH_CAMEROON: "Camarões do Norte"
 STATE_SOUTH_CAMEROON: "Camarões do Sul"
 STATE_UBANGI_SHARI: "Ubangui-Chari"
 STATE_CONGO: "Congo"
 STATE_IVORY_COAST: "Costa do Marfim"
 STATE_WINDWARD_COAST: "Costa de Barlavento"
 STATE_SENEGAL: "Senegal"
 STATE_GAMBIA: "Gâmbia"
 STATE_SIERRA_LEONE: "Serra Leoa"
 STATE_ZULULAND: "Zululândia"
 STATE_VRYSTAAT: "Vrystaat"
 STATE_TRANSVAAL: "Transvaal"
 STATE_EASTERN_NEW_GUINEA: "Nova Guiné Oriental"
 STATE_MELANESIA: "Melanésia"
 STATE_FIJI: "Fiji"
 STATE_VANUATU: "Vanuatu"
 STATE_KANAK: "Canaque"
 STATE_BOUGAINVILLE: "Bougainville"
 STATE_SOLOMON_ISLANDS: "Ilhas Salomão"
 STATE_NAURU: "Nauru"
 STATE_HAIL: "Ha'il"
 STATE_NEJD: "Nejd"
 STATE_TRANSJORDAN: "Transjordânia"
 STATE_PALESTINE: "Palestina"
 STATE_LEBANON: "Líbano"
 STATE_SYRIA: "Síria"
 STATE_ALEPPO: "Alepo"
 STATE_BAGHDAD: "Bagdá"
 STATE_BASRA: "Baçorá"
 STATE_MOSUL: "Mossul"
 STATE_LARISTAN: "Hormuz"
 STATE_KERMAN: "Kerman"
 STATE_SISTAN: "Bampur"
 STATE_KHORASAN: "Coração"
 STATE_KHUZESTAN: "Arabistão"
 STATE_FARS: "Fars"
 STATE_ISFAHAN: "Isfahan"
 STATE_MAZANDARAN: "Mazandarão"
 STATE_IRAKAJEMI: "Irak-i-Ajami"
 STATE_SEMNAN: "Semnan"
 STATE_TABRIZ: "Tabriz"
 STATE_URMIA: "Úrmia"
 STATE_LURISTAN: "Lorestão"
 STATE_PERSIAN_KURDISTAN: "Curdistão Persa"
 STATE_ARMENIA: "Armênia"
 STATE_AZERBAIJAN: "Baku"
 STATE_GREATER_CAUCASUS: "Tiblissi"
 STATE_MONTENEGRO: "Montenegro"
 STATE_NORTHERN_SERBIA: "Sérvia do Norte"
 STATE_SOUTHERN_SERBIA: "Sérvia do Sul"
 STATE_EASTERN_THRACE: "Trácia Oriental"
 STATE_HUDAVENDIGAR: "Hudavendigar"
 STATE_AYDIN: "Aidim"
 STATE_KONYA: "Cônia"
 STATE_KASTAMONU: "Castamonu"
 STATE_CYPRUS: "Chipre"
 STATE_TRABZON: "Trabzon"
 STATE_WEST_AEGEAN_ISLANDS: "Ilhas Egeias Ocidentais"
 STATE_EAST_AEGEAN_ISLANDS: "Ilhas Egeias Orientais"
 STATE_ANKARA: "Ancara"
 STATE_KANDAHAR: "Candaar"
 STATE_QUETTA: "Quetta"
 STATE_NORTHERN_BALUCHISTAN: "Baluchistão do Norte"
 STATE_HERAT: "Herat"
 STATE_BALKH: "Sul do Turquistão"
 STATE_BADAKHSHAN: "Badakhshan"
 STATE_DIYARBAKIR: "Diarbaquir"
 STATE_ERZURUM: "Erzurum"
 STATE_KARS: "Cars"
 STATE_KABUL: "Cabulistão"
 STATE_CENTRAL_HIGHLANDS: "Hazaristão"
 STATE_BANGKOK: "Bangcoc"
 STATE_MEKONG: "Mekong"
 STATE_TONKIN: "Tonquim"
 STATE_ANNAM: "Aname"
 STATE_LAOS: "Laos"
 STATE_CHIANG_MAI: "Chiang Mai"
 STATE_NAKHON_RATCHASIMA: "Nakhon Ratchasima"
 STATE_SEOUL: "Gyeonggi"
 STATE_BUSAN: "Yeongnam"
 STATE_SARIWON: "Gwanbuk"
 STATE_PYONGYANG: "Yangseo"
 STATE_YANGHO: "Yangho"
 STATE_HOKKAIDO: "Hokkaido"
 STATE_TOHOKU: "Tohoku"
 STATE_KANTO: "Kanto"
 STATE_CHUBU: "Chubu"
 STATE_KANSAI: "Kansai"
 STATE_KYUSHU: "Kyushu"
 STATE_RYUKYU_ISLANDS: "Ilhas Ryukyu"
 STATE_CHUGOKU: "Chugoku"
 STATE_SHIKOKU: "Shikoku"
 STATE_LHASA: "Lhasa"
 STATE_NGARI: "Ngari"
 STATE_HIMALAYAS: "Himalaia Ocidental"
 STATE_EASTERN_HIMALAYAS: "Himalaia Oriental"
 STATE_DZUNGARIA: "Zungária"
 STATE_TIANSHAN: "Bacia do Tarim"
 STATE_SICHUAN: "Sujuão"
 STATE_YUNNAN: "Iunã"
 STATE_GUIZHOU: "Guizhou"
 STATE_SHAOZHOU: "Cantão Oriental"
 STATE_HINGGAN: "Mongólia Interior"
 STATE_ALXA: "Alxa"
 STATE_GUANGXI: "Quancim"
 STATE_SOUTHERN_MANCHURIA: "Manchúria do Sul"
 STATE_NORTHERN_MANCHURIA: "Manchúria do Norte"
 STATE_SHANDONG: "Xantum"
 STATE_BEIJING: "Pequim"
 STATE_SHANXI: "Xanxim"
 STATE_XIAN: "Xi'an"
 STATE_NINGXIA: "Ninxiá"
 STATE_GANSU: "Gansu"
 STATE_QINGHAI: "Chingai"
 STATE_CHONGQING: "Xunquim"
 STATE_GUANGDONG: "Cantão Ocidental"
 STATE_FUJIAN: "Fujian"
 STATE_ZHEJIANG: "Zhejiang"
 STATE_SUZHOU: "Suzhou"
 STATE_JIANGSU: "Jiangsu"
 STATE_NANJING: "Nanquim"
 STATE_HENAN: "Henan"
 STATE_ZHILI: "Hebei"
 STATE_JIANGXI: "Jiangxi"
 STATE_SOUTHERN_ANHUI: "Anhui do Sul"
 STATE_NORTHERN_ANHUI: "Anhui do Norte"
 STATE_WESTERN_HUBEI: "Hubei Ocidental"
 STATE_EASTERN_HUBEI: "Hubei Oriental"
 STATE_HUNAN: "Hunan"
 STATE_FORMOSA: "Formosa"
 STATE_OSTROBOTHNIA: "Ostrobothnia"
 STATE_WEST_KARELIA: "Carélia Ocidental"
 STATE_CHUKOTKA: "Tchukotka"
 STATE_NENETSIA: "Nenétsia"
 STATE_EAST_KARELIA: "Carélia Oriental"
 STATE_ARKHANGELSK: "Arcangel"
 STATE_TARTARIA: "Saratov"
 STATE_OUTER_MANCHURIA: "Norte de Jilin"
 STATE_UZBEKIA: "Uzbequistão"
 STATE_KHIVA: "Corásmia"
 STATE_TAJIKISTAN: "Tajiquistão"
 STATE_KIRGHIZIA: "Quirguistão"
 STATE_URALSK: "Oral"
 STATE_TURKMENIA: "Turquemenistão"
 STATE_SEMIRECHE: "Semipalatinsk"
 STATE_AKMOLINSK: "Akmolinsk"
 STATE_KAMCHATKA: "Kamchatka"
 STATE_OKHOTSK: "Ocótsqui"
 STATE_YAKUTSK: "Yakutsk"
 STATE_TRANS_BAIKAL: "Chita"
 STATE_IRKUTSK: "Irkutsk"
 STATE_TOMSK: "Tomsk"
 STATE_TOBOLSK: "Tobolsk"
 STATE_UPPER_YENISEYSK: "Alto Yeniseysk"
 STATE_OB: "Ob"
 STATE_URAL: "Ural"
 STATE_SAMARA: "Samara"
 STATE_KAZAN: "Cazã"
 STATE_PERM: "Perm"
 STATE_GALICH: "Vologda"
 STATE_TVER: "Tver"
 STATE_MOSCOW: "Moscou"
 STATE_DAGESTAN: "Daguestão"
 STATE_KUBAN: "Cubã"
 STATE_ASTRAKHAN: "Astracã"
 STATE_ROSTOV: "Rostóvia"
 STATE_CRIMEA: "Crimeia"
 STATE_KHARKOV: "Kharkiv"
 STATE_KURSK: "Kursk"
 STATE_NOVGOROD: "Novogárdia"
 STATE_INGRIA: "Íngria"
 STATE_CHERSON: "Odessa"
 STATE_BESSARABIA: "Bessarábia"
 STATE_SMOLENSK: "Smolensk"
 STATE_CAMPANIA: "Campânia"
 STATE_CALABRIA: "Calábria"
 STATE_ABRUZZO: "Abruzo"
 STATE_APULIA: "Apúlia"
 STATE_WEST_GALICIA: "Galícia Ocidental"
 STATE_EAST_GALICIA: "Galícia Oriental"
 STATE_EAST_SLOVAKIA: "Eslováquia Oriental"
 STATE_WEST_SLOVAKIA: "Eslováquia Ocidental"
 STATE_DALMATIA: "Dalmácia"
 STATE_CROATIA: "Croácia"
 STATE_SLAVONIA: "Eslavônia"
 STATE_BEKES: "Békés"
 STATE_TRANSDANUBIA: "Transdanúbio"
 STATE_ISTRIA: "Ístria"
 STATE_VENETIA: "Veneza"
 STATE_LOMBARDY: "Lombardia"
 STATE_BOHEMIA: "Boêmia"
 STATE_MORAVIA: "Morávia"
 STATE_CENTRAL_HUNGARY: "Hungria Central"
 STATE_STYRIA: "Estíria"
 STATE_TYROL: "Tirol"
 STATE_AUSTRIA: "Áustria"
 STATE_SOUTH_TYROL: "Tirol do Sul"
 STATE_SLOVENIA: "Eslovênia"
 STATE_DELVIDEK: "Délvidék"
 STATE_POSEN: "Posen"
 STATE_WESTPHALIA: "Westfália"
 STATE_ANHALT: "Anhalt"
 STATE_POMERANIA: "Pomerânia"
 STATE_WEST_PRUSSIA: "Prússia Ocidental"
 STATE_EAST_PRUSSIA: "Prússia Oriental"
 STATE_RHINELAND: "Renânia"
 STATE_NORTH_RHINE: "Reno do Norte"
 STATE_SILESIA: "Silésia"
 STATE_BRANDENBURG: "Brandemburgo"
 STATE_SCHLESWIG_HOLSTEIN: "Eslésvico-Holsácia"
 STATE_WURTTEMBERG: "Vurtemberga"
 STATE_BADEN: "Baden"
 STATE_HANNOVER: "Hanôver"
 STATE_NASSAU: "Nassau"
 STATE_BAVARIA: "Baviera"
 STATE_FRANCONIA: "Francônia"
 STATE_SAXONY: "Saxônia"
 STATE_HESSE: "Hesse"
 STATE_BRUNSWICK: "Brunsvique"
 STATE_GREATER_POLAND: "Warszawa"
 STATE_LESSER_POLAND: "Lublin"
 STATE_PIEDMONT: "Piemonte"
 STATE_SARDINIA: "Sardenha"
 STATE_SAKHALIN: "Sacalina"
 STATE_TARAPACA: "Tarapacá"
 STATE_ANTOFAGASTA: "Antofagasta"
 STATE_BREST: "Hrodna"
 STATE_MAZOVIA: "Płock"
 STATE_VOLHYNIA: "Volínia"
 STATE_KIEV: "Kiev"
 STATE_RIAU_ISLANDS: "Ilhas Riau"
 STATE_MECKLENBURG: "Meclemburgo"
 STATE_MALTA: "Malta"
 STATE_UMBRIA: "Úmbria"
 STATE_BANAT: "Banato"
 STATE_CORSICA: "Córsega"
 STATE_PASHTUNISTAN: "Pashtunistão"
 STATE_UTAH: "Utah"
 STATE_SOUTH_CAROLINA: "Carolina do Sul"
 STATE_CHIAPAS: "Chiapas"
 STATE_SAN_SALVADOR: "São Salvador"
 STATE_ADANA: "Adana"
 STATE_CONNAUGHT: "Connaught"
 STATE_TUVA: "Tuva"
 STATE_MASCARENES: "Mascarenhas"
 STATE_HAWAIIAN_SEAMOUNT_CHAIN: "Cadeia de Montes Submarinos do Imperador Havaiano"
 STATE_MICRONESIAN_SEA: "Mar da Micronésia"
 STATE_SOUTH_PACIFIC_LANE_1: "Oceano Pacífico Sul"
 STATE_SOUTH_PACIFIC_LANE_2: "Oceano Pacífico Sul"
 STATE_EASTER_ISLAND_LANE_1: "Oceano Pacífico Sul"
 STATE_EASTER_ISLAND_LANE_2: "Oceano Pacífico Sul"
 STATE_EASTER_ISLAND_LANE_3: "Oceano Pacífico Sul"
 STATE_PACIFIC_LANE_01: "Oceano Pacífico"
 STATE_PACIFIC_LANE_02: "Oceano Pacífico"
 STATE_PACIFIC_LANE_03: "Oceano Pacífico"
 STATE_PACIFIC_LANE_04: "Oceano Pacífico"
 STATE_PACIFIC_LANE_05: "Oceano Pacífico"
 STATE_PACIFIC_LANE_06: "Oceano Pacífico"
 STATE_SOUTHERN_OCEAN: "Oceano Antártico"
 STATE_FAROE_BANK: "Banco de Faroé"
 STATE_GULF_OF_MAINE: "Golfo do Maine"
 STATE_HORN_OF_AFRICA: "Chifre da África"
 STATE_DAVIS_STRAIT: "Estreito de Davis"
 STATE_GALAPAGOS_RISE: "Elevação de Galápagos"
 STATE_EASTERN_CARIBBEAN_SEA: "Mar do Caribe Oriental"
 STATE_WESTERN_CARIBBEAN_SEA: "Mar do Caribe Ocidental"
 STATE_WESTERN_MEDITERRANEAN_SEA: "Mar Mediterrâneo Ocidental"
 STATE_CENTRAL_MEDITERRANEAN_SEA: "Mar Mediterrâneo Central"
 STATE_EASTERN_MEDITERRANEAN_SEA: "Mar Mediterrâneo Oriental"
 STATE_ARCTIC_OCEAN: "Oceano Ártico"
 STATE_NORTH_ATLANTIC_01: "Oceano Atlântico Norte"
 STATE_NORTH_ATLANTIC_02: "Oceano Atlântico Norte"
 STATE_NORTH_ATLANTIC_03: "Oceano Atlântico Norte"
 STATE_NORTH_ATLANTIC_04: "Oceano Atlântico Norte"
 STATE_NORTH_ATLANTIC_05: "Oceano Atlântico Norte"
 STATE_NORTH_ATLANTIC_06: "Oceano Atlântico Norte"
 STATE_NORTH_ATLANTIC_07: "Oceano Atlântico Norte"
 STATE_NORTH_ATLANTIC_08: "Oceano Atlântico Norte"
 STATE_NORTH_ATLANTIC_09: "Oceano Atlântico Norte"
 STATE_NORTH_ATLANTIC_10: "Oceano Atlântico Norte"
 STATE_NORTH_ATLANTIC_11: "Oceano Atlântico Norte"
 STATE_ATLANTIC_OCEAN_01: "Oceano Atlântico"
 STATE_ATLANTIC_OCEAN_02: "Oceano Atlântico"
 STATE_ATLANTIC_OCEAN_03: "Oceano Atlântico"
 STATE_ATLANTIC_OCEAN_04: "Oceano Atlântico"
 STATE_ATLANTIC_OCEAN_05: "Oceano Atlântico"
 STATE_WEST_AFRICAN_COAST: "Costa Africana Ocidental"
 STATE_SOUTH_ATLANTIC_SEA_LANE_01: "Oceano Atlântico Sul"
 STATE_SOUTH_ATLANTIC_SEA_LANE_02: "Oceano Atlântico Sul"
 STATE_SOUTH_ATLANTIC_SEA_LANE_03: "Oceano Atlântico Sul"
 STATE_SOUTH_ATLANTIC_SEA_LANE_04: "Oceano Atlântico Sul"
 STATE_SOUTH_ATLANTIC_SEA_LANE_05: "Oceano Atlântico Sul"
 STATE_SOUTH_ATLANTIC_SEA_LANE_06: "Oceano Atlântico Sul"
 STATE_SOUTH_ATLANTIC_SEA_LANE_08: "Oceano Atlântico Sul"
 STATE_COAST_OF_SAINT_HELENA: "Costa da Ilha de Ascensão"
 STATE_INDIAN_OCEAN_LANE_01: "Oceano Índico"
 STATE_INDIAN_OCEAN_LANE_02: "Oceano Índico"
 STATE_INDIAN_OCEAN_LANE_03: "Oceano Índico"
 STATE_INDIAN_OCEAN_LANE_04: "Oceano Índico"
 STATE_INDIAN_OCEAN_LANE_05: "Oceano Índico"
 STATE_INDIAN_OCEAN_LANE_06: "Oceano Índico"
 STATE_EASTER_ISLAND: "Ilha de Páscoa"
 STATE_EASTERN_POLYNESIA: "Polinésia Oriental"
 STATE_NATAL_COAST: "Costa de Natal"
 STATE_NORTH_ATLANTIC_OCEAN_01: "Oceano Atlântico Norte"
 STATE_NORTH_ATLANTIC_OCEAN_02: "Oceano Atlântico Norte"
 STATE_NORTH_ATLANTIC_OCEAN_03: "Oceano Atlântico Norte"
 STATE_NORTH_ATLANTIC_OCEAN_04: "Oceano Atlântico Norte"
 STATE_NORTH_ATLANTIC_OCEAN_05: "Oceano Atlântico Norte"
 STATE_NORTH_ATLANTIC_OCEAN_06: "Oceano Atlântico Norte"
 STATE_SOUTH_ATLANTIC_OCEAN_01: "Oceano Atlântico Sul"
 STATE_SOUTH_ATLANTIC_OCEAN_02: "Oceano Atlântico Sul"
 STATE_SOUTH_ATLANTIC_OCEAN_03: "Oceano Atlântico Sul"
 STATE_SOUTH_ATLANTIC_OCEAN_04: "Oceano Atlântico Sul"
 STATE_SOUTH_ATLANTIC_OCEAN_05: "Oceano Atlântico Sul"
 STATE_SOUTH_ATLANTIC_OCEAN_06: "Oceano Atlântico Sul"
 STATE_SOUTHERN_OCEAN_01: "Oceano Antártico"
 STATE_SOUTHERN_OCEAN_02: "Oceano Antártico"
 STATE_INDIAN_OCEAN_01: "Oceano Índico"
 STATE_INDIAN_OCEAN_02: "Oceano Índico"
 STATE_INDIAN_OCEAN_03: "Oceano Índico"
 STATE_NORTH_PACIFIC_OCEAN_01: "Oceano Pacífico Norte"
 STATE_NORTH_PACIFIC_OCEAN_02: "Oceano Pacífico Norte"
 STATE_NORTH_PACIFIC_OCEAN_03: "Oceano Pacífico Norte"
 STATE_NORTH_PACIFIC_OCEAN_04: "Oceano Pacífico Norte"
 STATE_NORTH_PACIFIC_OCEAN_05: "Oceano Pacífico Norte"
 STATE_NORTH_PACIFIC_OCEAN_06: "Oceano Pacífico Norte"
 STATE_NORTH_PACIFIC_OCEAN_07: "Oceano Pacífico Norte"
 STATE_NORTH_PACIFIC_OCEAN_08: "Oceano Pacífico Norte"
 STATE_NORTH_PACIFIC_OCEAN_09: "Oceano Pacífico Norte"
 STATE_NORTH_PACIFIC_OCEAN_10: "Oceano Pacífico Norte"
 STATE_NORTH_PACIFIC_OCEAN_11: "Oceano Pacífico Norte"
 STATE_SOUTH_PACIFIC_OCEAN_01: "Oceano Pacífico Sul"
 STATE_SOUTH_PACIFIC_OCEAN_02: "Oceano Pacífico Sul"
 STATE_SOUTH_PACIFIC_OCEAN_03: "Oceano Pacífico Sul"
 STATE_SOUTH_PACIFIC_OCEAN_04: "Oceano Pacífico Sul"
 STATE_SOUTH_PACIFIC_OCEAN_05: "Oceano Pacífico Sul"
 STATE_SOUTH_PACIFIC_OCEAN_06: "Oceano Pacífico Sul"
 STATE_SOUTH_PACIFIC_OCEAN_07: "Oceano Pacífico Sul"
 STATE_SOUTH_PACIFIC_OCEAN_08: "Oceano Pacífico Sul"
 STATE_SOUTH_PACIFIC_OCEAN_09: "Oceano Pacífico Sul"
 STATE_PACIFIC_SEABOARD_01: "Costa do Pacífico"
 STATE_PACIFIC_SEABOARD_02: "Costa do Pacífico"
 STATE_BARENTS_SEA: "Mar de Barents"
 STATE_ARCTIC_OCEAN_01: "Oceano Ártico"
 STATE_ARCTIC_OCEAN_02: "Oceano Ártico"
 STATE_ARCTIC_OCEAN_04: "Oceano Ártico"
 STATE_ARCTIC_OCEAN_05: "Oceano Ártico"
 STATE_ARCTIC_OCEAN_06: "Oceano Ártico"
 STATE_ARCTIC_OCEAN_07: "Oceano Ártico"
 STATE_ALAND: "Åland"
 STATE_MANDALAY: "Mandalay"
 STATE_NORTH_PHILIPPINES_SEA: "Mar das Filipinas do Norte"
 STATE_SOUTH_PHILIPPINES_SEA: "Mar das Filipinas do Sul"
 STATE_PATAGONIAN_LAKES: "Lagos Patagônicos"
 STATE_LAKE_NICARAGUA: "Lago Nicarágua"
 STATE_GOIAS: "Goiás"
 STATE_ACRE: "Acre"
 STATE_PIAUI: "Piauí"
 STATE_CEARA: "Ceará"
 STATE_PARAIBA: "Paraíba"
 STATE_SANTA_CATARINA: "Santa Catarina"
 STATE_VERACRUZ: "Veracruz"
 STATE_SINALOA: "Sinaloa"
 STATE_BAJIO: "Bajío"
 STATE_OAXACA: "Oaxaca"
 STATE_SHENGJING: "Shengjing"
 STATE_JETISY: "Ili"
 STATE_RUHR: "Ruhr"
 STATE_MAINE_ANJOU: "Maine-Anjou"
 STATE_VILNIUS: "Vilnius"
 STATE_COURLAND: "Curlândia"
 STATE_TARTU: "Livônia do Norte"
 STATE_TALINN: "Talinn"
 STATE_RIGA: "Livônia do Sul"
 STATE_KAUNAS: "Kaunas"
 STATE_FERGANA: "Fergana"
 STATE_MERZ: "Merv"
 STATE_SYRDARYA: "Syrdarya"
 STATE_AKTOBE: "Aktobe"
 STATE_KALMYKIA: "Calmúquia"
 STATE_NORTH_CAUCASUS: "Norte do Cáucaso"
 STATE_TAURIDA: "Aleksandrovsk"
 STATE_TAMBOV: "Tambov"
 STATE_RYAZAN: "Ryazan"
 STATE_VITEBSK: "Vitsyebsk"
 STATE_PSKOV: "Pskov"
 STATE_YAROSLAVL: "Yaroslavl"
 STATE_NIZHNY_NOVGOROD: "Nizhny Novogárdia"
 STATE_VYATKA: "Vyatka"
 STATE_UFA: "Ufa"
 STATE_SURGUT: "Surgut"
 STATE_KRASNOYARSK: "Krasnoyarsk"
 STATE_ALTAI: "Altai"
 STATE_BURYATIA: "Buriácia"
 STATE_KOLYMA: "Kolimá"
 STATE_AMUR: "Norte de Heilongjiang"
 STATE_CHELYABINSK: "Chelyabinsk"
 STATE_KUOPIO: "Kuopio"
 STATE_OULU: "Oulu"
 STATE_UUSIMAA: "Uusimaa"
 STATE_KOLA: "Kola"
 STATE_MOGILEV: "Magiliow"
 STATE_ORYOL: "Tula"
 STATE_ELIZAVETPOL: "Elizavetpol"
 STATE_STAVROPOL: "Stavropol"
 STATE_CHUVASHIA: "Cheboksary"
 STATE_CHERNIHIV: "Chernihiv"
 STATE_ARAKAN: "Arracão"
 STATE_AGRA: "Agra"
 STATE_BUNDELKHAND: "Bundelkhand"
 STATE_HILL_PUNJAB: "Colinas de Punjabi"
 STATE_KURNOOL: "Distritos Cedidos"
