l_braz_por:
 region_england: "Inglaterra"
 region_north_sea_coast: "Mar do Norte"
 region_iberia: "Ibéria"
 region_occitania: "Occitânia"
 region_france: "França"
 region_ethiopia: "Etiópia"
 region_caribbean: "Caribe"
 region_italy: "Itália"
 region_north_germany: "Norte da Alemanha"
 region_south_germany: "Sul da Alemanha"
 region_rhine: "Reno"
 region_danubia: "Danúbia"
 region_baltic: "O Báltico"
 region_poland: "Polônia"
 region_balkans: "Bálcãs"
 region_russia: "Rússia"
 region_dnieper: "Dniepre"
 region_west_siberia: "Sibéria Ocidental"
 region_east_siberia: "Sibéria Oriental"
 region_persia: "Pérsia"
 region_arabic: "Arábia"
 region_caucasus: "Cáucaso"
 region_central_asia: "Ásia Central"
 region_anatolia: "Anatólia"
 region_north_india: "Norte da Índia"
 region_south_india: "Sul da Índia"
 region_indochina: "Indochina"
 region_north_china: "Norte da China"
 region_south_china: "Sul da China"
 region_indonesia: "Indonésia"
 region_japan: "Japão"
 region_manchuria: "Manchúria"
 region_oceania: "Oceania"
 region_nile_basin: "Nilo"
 region_north_africa: "Norte da África"
 region_senegal: "Senegal"
 region_niger: "Níger"
 region_zanj: "Zanj"
 region_congo: "Congo"
 region_andes: "Andes"
 region_la_plata: "La Plata"
 region_brazil: "Brasil"
 region_gran_colombia: "Grã-Colômbia"
 region_mexico: "México"
 region_dixie: "Dixie"
 region_the_midwest: "Centro-Oeste"
 region_great_plains: "Grandes Planícies"
 region_central_america: "América Central"
 region_canada: "Canadá"
 region_pacific_coast: "Costa do Pacífico"
 region_english_channel: "Canal da Mancha"
 region_new_england: "Nova Inglaterra"
 region_southern_africa: "África Meridional"
 region_mascarenes: "Mascarenhas"
 region_himalayas: "Himalaias"
 region_indian_ocean_lane_01: "Oceano Índico"
 region_indian_ocean_lane_02: "Oceano Índico"
 region_indian_ocean_lane_03: "Oceano Índico"
 region_indian_ocean_lane_04: "Oceano Índico"
 region_indian_ocean_lane_05: "Oceano Índico"
 region_indian_ocean_lane_06: "Oceano Índico"
 region_south_atlantic_sea_lane_0: "Oceano Atlântico Sul"
 region_south_atlantic_sea_lane_01: "Oceano Atlântico Sul"
 region_south_atlantic_sea_lane_02: "Oceano Atlântico Sul"
 region_south_atlantic_sea_lane_05: "Oceano Atlântico Sul"
 region_south_atlantic_sea_lane_06: "Oceano Atlântico Sul"
 region_south_atlantic_sea_lane_07: "Oceano Atlântico Sul"
 region_south_atlantic_sea_lane_08: "Oceano Atlântico Sul"
 region_south_pacific_lane_01: "Oceano Pacífico Sul"
 region_south_pacific_lane_02: "Oceano Pacífico Sul"
 region_easter_island_lane_01: "Oceano Pacífico Sul"
 region_easter_island_lane_02: "Oceano Pacífico Sul"
 region_easter_island_lane_03: "Oceano Pacífico Sul"
 region_pacific_lane_01: "Oceano Pacífico"
 region_pacific_lane_02: "Oceano Pacífico"
 region_pacific_lane_03: "Oceano Pacífico"
 region_pacific_lane_04: "Oceano Pacífico"
 region_pacific_lane_05: "Oceano Pacífico"
 region_pacific_lane_06: "Oceano Pacífico"
 region_north_atlantic_01: "Oceano Atlântico Norte"
 region_north_atlantic_02: "Oceano Atlântico Norte"
 region_north_atlantic_03: "Oceano Atlântico Norte"
 region_north_atlantic_04: "Oceano Atlântico Norte"
 region_north_atlantic_05: "Oceano Atlântico Norte"
 region_north_atlantic_06: "Oceano Atlântico Norte"
 region_north_atlantic_07: "Oceano Atlântico Norte"
 region_north_atlantic_08: "Oceano Atlântico Norte"
 region_north_atlantic_09: "Oceano Atlântico Norte"
 region_north_atlantic_10: "Oceano Atlântico Norte"
 region_north_atlantic_11: "Oceano Atlântico Norte"
 region_atlantic_ocean_01: "Oceano Atlântico"
 region_atlantic_ocean_02: "Oceano Atlântico"
 region_atlantic_ocean_03: "Oceano Atlântico"
 region_atlantic_ocean_04: "Oceano Atlântico"
 region_atlantic_ocean_05: "Oceano Atlântico"
 region_horn_of_africa: "Chifre da África"
 region_west_african_coast: "Costa Africana Ocidental"
 region_easter_island: "Ilha de Páscoa"
 region_coast_of_saint_helena: "Costa de Santa Helena"
 region_eastern_caribbean_sea: "Mar do Caribe Oriental"
 region_western_caribbean_sea: "Mar do Caribe Ocidental"
 region_arctic_ocean: "Oceano Ártico"
 region_gulf_of_maine: "Golfo do Maine"
 region_davis_strait: "Estreito de Davis"
 region_galapagos_rise: "Elevação de Galápagos"
 region_western_mediterranean_sea: "Mar Mediterrâneo Ocidental"
 region_central_mediterranean_sea: "Mar Mediterrâneo Central"
 region_eastern_mediterranean_sea: "Mar Mediterrâneo Oriental"
 region_southern_ocean_01: "Oceano Antártico"
 region_southern_ocean_02: "Oceano Antártico"
 region_faroe_bank: "Banco de Faroé"
 region_bay_of_biscay: "Baía da Biscaia"
 region_gulf_of_guinea: "Golfo da Guiné"
 region_macaronesian_sea: "Mar da Macaronésia"
 region_central_atlantic_ocean: "Oceano Atlântico Central"
 region_south_atlantic_ocean: "Oceano Atlântico Sul"
 region_angolan_sea: "Mar da Angola"
 region_natal_coast: "Costa de Natal"
 region_tasman_sea: "Mar de Tasman"
 region_cape_of_good_hope: "Cabo da Boa Esperança"
 region_scotia_sea: "Mar de Scotia"
 region_great_australian_bight: "Grande Baía Australiana"
 region_timor_sea: "Mar de Timor"
 region_molucca_sea: "Mar das Molucas"
 region_java_sea: "Mar de Java"
 region_solomon_sea: "Mar de Salomão"
 region_philippines_sea: "Mar das Filipinas"
 region_east_china_sea: "Mar da China Oriental"
 region_sumatra_sea: "Mar da Sumatra"
 region_hawaiian_seamount_chain: "Cadeia de Montes Submarinos do Imperador Havaiano"
 region_micronesian_sea: "Mar da Micronésia"
 region_danish_straits: "Estreitos Dinamarqueses"
 region_norwegian_sea: "Mar da Noruega"
 region_labrador_sea: "Mar do Labrador"
 region_irminger_sea: "Mar de Irminger"
 region_north_sea: "Mar do Norte"
 region_irish_sea: "Mar da Irlanda"
 region_barents_sea: "Mar de Barents"
 region_arctic_ocean_01: "Oceano Ártico"
 region_arctic_ocean_02: "Oceano Ártico"
 region_arctic_ocean_04: "Oceano Ártico"
 region_arctic_ocean_05: "Oceano Ártico"
 region_arctic_ocean_06: "Oceano Ártico"
 region_arctic_ocean_07: "Oceano Ártico"
 region_straits_of_gibraltar: "Estreitos de Gibraltar"
 region_sea_of_marmara: "Mar de Mármara"
 region_black_sea: "Mar Negro"
 region_hudson_bay: "Baía de Hudson"
 region_gulf_of_saint_lawrence: "Golfo de São Lourenço"
 region_persian_gulf: "Golfo Pérsico"
 region_red_sea: "Mar Vermelho"
 region_arabian_sea: "Mar da Arábia"
 region_laccadive_sea: "Mar das Laquedivas"
 region_bay_of_bengal: "Baía de Bengala"
 region_andaman_sea: "Mar de Andamão"
 #region_malacca_strait: ""
 region_gulf_of_siam: "Golfo do Sião"
 region_gulf_of_tonkin: "Golfo de Tonquim"
 region_sulu_sea: "Mar de Sulu"
 region_south_china_sea: "Mar da China Meridional"
 region_yellow_sea: "Mar Amarelo"
 region_sea_of_japan: "Mar do Japão"
 region_gulf_of_mexico: "Golfo do México"
 region_caribbean_sea: "Mar do Caribe"
 region_guiana_sea: "Mar da Guiana"
 region_brazilian_sea_north: "Mar do Norte do Brasil"
 region_brazilian_sea_south: "Mar do Sul do Brasil"
 region_argentine_sea: "Mar Argentino"
 region_atlantic_seaboard: "Costa do Atlântico"
 region_sargasso_sea: "Mar de Sargaços"
 region_azores_sea: "Mar dos Açores"
 region_north_atlantic_ocean_01: "Oceano Atlântico Norte"
 region_north_atlantic_ocean_02: "Oceano Atlântico Norte"
 region_north_atlantic_ocean_03: "Oceano Atlântico Norte"
 region_north_atlantic_ocean_04: "Oceano Atlântico Norte"
 region_north_atlantic_ocean_05: "Oceano Atlântico Norte"
 region_north_atlantic_ocean_06: "Oceano Atlântico Norte"
 region_south_atlantic_ocean_01: "Oceano Atlântico Norte"
 region_south_atlantic_ocean_02: "Oceano Atlântico Norte"
 region_south_atlantic_ocean_03: "Oceano Atlântico Norte"
 region_south_atlantic_ocean_04: "Oceano Atlântico Norte"
 region_south_atlantic_ocean_05: "Oceano Atlântico Norte"
 region_south_atlantic_ocean_06: "Oceano Atlântico Norte"
 region_eastern_polynesia: "Mar da Polinésia Oriental"
 region_mozambique_channel: "Canal de Moçambique"
 region_indian_ocean_01: "Oceano Índico"
 region_indian_ocean_02: "Oceano Índico"
 region_indian_ocean_03: "Oceano Índico"
 region_sea_of_okhotsk: "Mar de Ocótsqui"
 region_gulf_of_alaska: "Golfo do Alasca"
 region_coral_sea: "Mar de Coral"
 region_arafura_sea: "Mar de Arafura"
 region_north_philippines_sea: "Mar das Filipinas do Norte"
 region_south_philippines_sea: "Mar das Filipinas do Sul"
 region_bering_sea: "Mar de Bering"
 region_north_pacific_ocean_01: "Oceano Pacífico Norte"
 region_north_pacific_ocean_02: "Oceano Pacífico Norte"
 region_north_pacific_ocean_03: "Oceano Pacífico Norte"
 region_north_pacific_ocean_04: "Oceano Pacífico Norte"
 region_north_pacific_ocean_05: "Oceano Pacífico Norte"
 region_north_pacific_ocean_06: "Oceano Pacífico Norte"
 region_north_pacific_ocean_07: "Oceano Pacífico Norte"
 region_north_pacific_ocean_08: "Oceano Pacífico Norte"
 region_north_pacific_ocean_09: "Oceano Pacífico Norte"
 region_north_pacific_ocean_10: "Oceano Pacífico Norte"
 region_north_pacific_ocean_11: "Oceano Pacífico Norte"
 region_south_pacific_ocean_01: "Oceano Pacífico Norte"
 region_south_pacific_ocean_02: "Oceano Pacífico Norte"
 region_south_pacific_ocean_03: "Oceano Pacífico Norte"
 region_south_pacific_ocean_04: "Oceano Pacífico Norte"
 region_south_pacific_ocean_05: "Oceano Pacífico Norte"
 region_south_pacific_ocean_06: "Oceano Pacífico Norte"
 region_south_pacific_ocean_07: "Oceano Pacífico Norte"
 region_south_pacific_ocean_08: "Oceano Pacífico Norte"
 region_south_pacific_ocean_09: "Oceano Pacífico Sul"
 region_chiliean_sea: "Mar do Chile"
 region_peruvian_sea: "Mar do Peru"
 region_pacific_seaboard_01: "Costa do Pacífico"
 region_pacific_seaboard_02: "Costa do Pacífico"
 region_centroamerican_sea: "Mar da América Central"
 region_baltic_sea: "Mar Báltico"
