l_spanish:
 STATE_MINSK: "Minsk"
 STATE_ALASKA: "Alaska"
 STATE_WASHINGTON: "Washington"
 STATE_OREGON: "Oregón"
 STATE_IDAHO: "Idaho"
 STATE_COLORADO: "Colorado"
 STATE_WYOMING: "Wyoming"
 STATE_MONTANA: "Montana"
 STATE_NORTH_DAKOTA: "Dakota del Norte"
 STATE_SOUTH_DAKOTA: "Dakota del Sur"
 STATE_NEBRASKA: "Nebraska"
 STATE_KANSAS: "Kansas"
 STATE_OKLAHOMA: "Oklahoma"
 STATE_LOUISIANA: "Luisiana"
 STATE_ARKANSAS: "Arkansas"
 STATE_MISSOURI: "Misuri"
 STATE_IOWA: "Iowa"
 STATE_MINNESOTA: "Minesota"
 STATE_WISCONSIN: "Wisconsin"
 STATE_NEW_YORK: "Nueva York"
 STATE_INDIANA: "Indiana"
 STATE_MICHIGAN: "Míchigan"
 STATE_OHIO: "Ohio"
 STATE_KENTUCKY: "Kentucky"
 STATE_TENNESSEE: "Tennessee"
 STATE_MISSISSIPPI: "Misisipi"
 STATE_ALABAMA: "Alabama"
 STATE_FLORIDA: "Florida"
 STATE_GEORGIA: "Georgia"
 STATE_VIRGINIA: "Virginia"
 STATE_DISTRICT_OF_COLUMBIA: "Distrito de Columbia"
 STATE_WEST_VIRGINIA: "Virginia Occidental"
 STATE_MARYLAND: "Maryland"
 STATE_DELAWARE: "Delaware"
 STATE_PENNSYLVANIA: "Pensilvania"
 STATE_NEW_JERSEY: "Nueva Jersey"
 STATE_ILLINOIS: "Illinois"
 STATE_MASSACHUSETTS: "Massachusetts"
 STATE_NEW_HAMPSHIRE: "Nuevo Hampshire"
 STATE_CONNECTICUT: "Connecticut"
 STATE_RHODE_ISLAND: "Rhode Island"
 STATE_VERMONT: "Vermont"
 STATE_MAINE: "Maine"
 STATE_NORTH_CAROLINA: "Carolina del Norte"
 STATE_TEXAS: "Texas"
 STATE_YUKON_TERRITORY: "Territorio del Yucón"
 STATE_NORTHWEST_TERRITORIES: "Territorios del Noroeste"
 STATE_NUNAVUT: "Nunavut"
 STATE_BRITISH_COLUMBIA: "Columbia Británica"
 STATE_ALBERTA: "Alberta"
 STATE_SASKATCHEWAN: "Saskatchewan"
 STATE_MANITOBA: "Manitoba"
 STATE_ONTARIO: "Ontario"
 STATE_QUEBEC: "Quebec"
 STATE_NEWFOUNDLAND: "Isla de Terranova"
 STATE_GUATEMALA: "Guatemala"
 STATE_HONDURAS: "Honduras"
 STATE_NICARAGUA: "Nicaragua"
 STATE_COSTA_RICA: "Costa Rica"
 STATE_PANAMA: "Panamá"
 STATE_CUBA: "Cuba"
 STATE_URUGUAY: "Uruguay"
 STATE_ECUADOR: "Ecuador"
 STATE_SANTO_DOMINGO: "Santo Domingo"
 STATE_HAITI: "Haití"
 STATE_GOTLAND: "Gotland"
 STATE_GOTALAND: "Götaland"
 STATE_SCANIA: "Escania"
 STATE_NORRLAND: "Norrland"
 STATE_SVEALAND: "Svealand"
 STATE_SICILY: "Sicilia"
 STATE_PELOPONNESE: "Peloponeso"
 STATE_IONIAN_ISLANDS: "Islas Jónicas"
 STATE_ALBANIA: "Albania"
 STATE_BOSNIA: "Bosnia"
 STATE_NAVARRA: "Navarra"
 STATE_SOUTHERN_TRANSYLVANIA: "Transilvania Sur"
 STATE_HAWAIIAN_ISLANDS: "Archipiélago de Hawái"
 STATE_NORTHERN_TRANSYLVANIA: "Transilvania Norte"
 STATE_MOLDAVIA: "Moldavia"
 STATE_WALLACHIA: "Valaquia"
 STATE_GALICIA: "Galicia"
 STATE_ASTURIAS: "Asturias"
 STATE_CASTILE: "Castilla"
 STATE_ARAGON: "Aragón"
 STATE_CATALONIA: "Cataluña"
 STATE_BALEARES: "Islas Baleares"
 STATE_NEW_SOUTH_WALES: "Nueva Gales del Sur"
 STATE_VICTORIA: "Victoria"
 STATE_TASMANIA: "Tasmania"
 STATE_QUEENSLAND: "Queensland"
 STATE_SOUTH_AUSTRALIA: "Australia Meridional"
 STATE_WESTERN_AUSTRALIA: "Australia Occidental"
 STATE_NORTHERN_TERRITORY: "Territorio del Norte"
 STATE_NORTH_ISLAND: "Isla Norte"
 STATE_SOUTH_ISLAND: "Isla Sur"
 STATE_WEST_MICRONESIA: "Micronesia Occidental"
 STATE_EAST_MICRONESIA: "Micronesia Oriental"
 STATE_WEST_JAVA: "Java Occidental"
 STATE_EAST_JAVA: "Java Oriental"
 STATE_CENTRAL_JAVA: "Java Central"
 STATE_CEYLON: "Ceilán"
 STATE_URGA: "Urga"
 STATE_ULIASTAI: "Uliastai"
 STATE_OMAN: "Omán"
 STATE_ABU_DHABI: "Costa treguana"
 STATE_YEMEN: "Yemen"
 STATE_HEDJAZ: "Hiyaz"
 STATE_TUNISIA: "Túnez"
 STATE_GUINEA: "Guinea"
 STATE_GHANA: "Ghana"
 STATE_TOGO: "Togo"
 STATE_DAHOMEY: "Dahomey"
 STATE_DEIR_EZ_ZOR: "Deir-ez-Zor"
 STATE_GABON: "Gabón"
 STATE_BOTSWANA: "Botsuana"
 STATE_ZAMBIA: "Zambia"
 STATE_CAMBODIA: "Camboya"
 STATE_SAVOY: "Saboya"
 STATE_LIBERIA: "Liberia"
 STATE_EMILIA: "Emilia"
 STATE_TUSCANY: "Toscana"
 STATE_ROMAGNA: "Romaña"
 STATE_LAZIO: "Lazio"
 STATE_NEVADA: "Nevada"
 STATE_ARIZONA: "Arizona"
 STATE_NEW_MEXICO: "Nuevo México"
 STATE_CALIFORNIA: "California"
 STATE_BAJA_CALIFORNIA: "Baja California"
 STATE_SONORA: "Sonora"
 STATE_CHIHUAHUA: "Chihuahua"
 STATE_RIO_GRANDE: "Río Grande"
 STATE_GUERRERO: "Guerrero"
 STATE_DURANGO: "Durango"
 STATE_YUCATAN: "Yucatán"
 STATE_MEXICO: "México"
 STATE_JALISCO: "Jalisco"
 STATE_ZACATECAS: "Zacatecas"
 STATE_GUAYANA: "Guayana"
 STATE_ZULIA: "Zulia"
 STATE_MIRANDA: "Miranda"
 STATE_BOLIVAR: "Bolívar"
 STATE_ANTIOQUIA: "Antioquía"
 STATE_GUAVIARE: "Guaviare"
 STATE_CUNDINAMARCA: "Cundinamarca"
 STATE_CAUCA: "Cauca"
 STATE_PASTAZA: "Pastaza"
 STATE_CAJAMARCA: "Cajamarca"
 STATE_LIMA: "Lima"
 STATE_ICA: "Ica"
 STATE_AREQUIPA: "Arequipa"
 STATE_AMAZONAS: "Amazonas"
 STATE_MATO_GROSSO: "Mato Grosso"
 STATE_RIO_GRANDE_DO_SUL: "Rio Grande do Sul"
 STATE_PARANA: "Paraná"
 STATE_SAO_PAULO: "São Paulo"
 STATE_MINAS_GERAIS: "Minas Gerais"
 STATE_RIO_DE_JANEIRO: "Río de Janeiro"
 STATE_TAHITI: "Tahiti"
 STATE_TONGA: "Tonga"
 STATE_BAHIA: "Bahia"
 STATE_RIO_GRANDE_DO_NORTE: "Rio Grande do Norte"
 STATE_PERNAMBUCO: "Pernambuco"
 STATE_MARANHAO: "Maranhão"
 STATE_PARA: "Pará"
 STATE_ALTO_PARAGUAY: "Alto Paraguay"
 STATE_BAJO_PARAGUAY: "Bajo Paraguay"
 STATE_BUENOS_AIRES: "Buenos Aires"
 STATE_PATAGONIA: "Patagonia"
 STATE_RIO_NEGRO: "Mendoza"
 STATE_LA_PAMPA: "Córdoba"
 STATE_SANTA_FE: "Santa Fe"
 STATE_CORRIENTES: "Corrientes"
 STATE_TUCUMAN: "Tucumán"
 STATE_CHACO: "Chaco"
 STATE_JUJUY: "Jujuy"
 STATE_SANTA_CRUZ: "Santa Cruz"
 STATE_LA_PAZ: "La Paz"
 STATE_POTOSI: "Potosí"
 STATE_SANTIAGO: "Santiago"
 STATE_LOS_RIOS: "Los Ríos"
 STATE_ARAUCANIA: "Araucania"
 STATE_SOUTH_ATLANTIC_ISLANDS: "Islas del sur del Atlántico"
 STATE_ICELAND: "Islandia"
 STATE_GREENLAND: "Groenlandia"
 STATE_EAST_SAHARA: "Sáhara Oriental"
 STATE_MARRAKECH: "Marrakech"
 STATE_FEZ: "Fez"
 STATE_AL_RIF: "El Rif"
 STATE_INNER_MOROCCO: "Interior de Marruecos"
 STATE_ORAN: "Orán"
 STATE_WEST_SAHARA: "Sáhara Occidental"
 STATE_SAHARA: "Sáhara"
 STATE_ALGIERS: "Argel"
 STATE_CONSTANTINE: "Constantina"
 STATE_TRIPOLI: "Trípoli"
 STATE_LIBYAN_DESERT: "Desierto del Líbano"
 STATE_LIBYA: "Libia"
 STATE_UPPER_EGYPT: "Alto Egipto"
 STATE_EGYPTIAN_DESERT: "Desierto de Egipto"
 STATE_LOWER_EGYPT: "Bajo Egipto"
 STATE_MATRUH: "Matruh"
 STATE_MIDDLE_EGYPT: "Egipto Medio"
 STATE_SINAI: "Sinaí"
 STATE_DONGOLA: "Dongola"
 STATE_KORDOFAN: "Kordofán"
 STATE_DARFUR: "Darfur"
 STATE_BLUE_NILE: "Nilo Azul"
 STATE_NEW_BRUNSWICK: "Nuevo Brunswick"
 STATE_NORTH_ANGOLA: "Angola del Norte"
 STATE_SOUTH_ANGOLA: "Angola del Sur"
 STATE_EAST_ANGOLA: "Angola Oriental"
 STATE_INDIAN_OCEAN_TERRITORY: "Territorio del Océano Índico"
 STATE_LOURENCO_MARQUES: "Maputo"
 STATE_MOCAMBIQUE: "Mozambique"
 STATE_ZAMBEZIA: "Zambezia"
 STATE_EASTERN_CAPE: "Cabo Oriental"
 STATE_CAPE_COLONY: "Colonia del Cabo"
 STATE_NORTHERN_CAPE: "Cabo Norte"
 STATE_HOME_COUNTIES: "Home Counties"
 STATE_LANCASHIRE: "Lancashire"
 STATE_WALES: "Gales"
 STATE_YORKSHIRE: "Yorkshire"
 STATE_HIGHLANDS: "Tierras Altas"
 STATE_MIDLANDS: "Tierras Medias"
 STATE_EAST_ANGLIA: "Anglia Oriental"
 STATE_WEST_COUNTRY: "West Country"
 STATE_LOWLANDS: "Tierras bajas"
 STATE_ULSTER: "Úlster"
 STATE_MUNSTER: "Munster"
 STATE_LEINSTER: "Leinster"
 STATE_LANGUEDOC: "Languedoc"
 STATE_RHONE: "Ródano"
 STATE_FRENCH_LOW_COUNTRIES: "Países Bajos franceses"
 STATE_PICARDY: "Picardía"
 STATE_PROVENCE: "Provenza"
 STATE_ALSACE_LORRAINE: "Alsacia y Lorena"
 STATE_NORMANDY: "Normandía"
 STATE_POITOU: "Poitou-Saintonge"
 STATE_GUYENNE: "Guyena"
 STATE_AUVERGNE_LIMOUSIN: "Auvernia-Lemosín"
 STATE_BRITTANY: "Bretaña"
 STATE_BURGUNDY: "Borgoña"
 STATE_CHAMPAGNE: "Champaña"
 STATE_FRANCHE_COMTE: "Franco Condado"
 STATE_LORRAINE: "Lorena"
 STATE_AQUITAINE: "Aquitania"
 STATE_ORLEANS: "Orleanesado-Berry"
 STATE_ILE_DE_FRANCE: "Isla de Francia"
 STATE_ELBE: "Elba"
 STATE_BEIRA: "Beira"
 STATE_ESTREMADURA: "Extremadura"
 STATE_ALENTEJO: "Alentejo"
 STATE_CAPE_VERDE: "Cabo Verde"
 STATE_MADEIRA: "Madeira"
 STATE_CANARY_ISLANDS: "Islas Canarias"
 STATE_AZORES: "Azores"
 STATE_GRANADA: "Andalucía Oriental"
 STATE_ANDALUSIA: "Andalucía Occidental"
 STATE_BADAJOZ: "Badajoz"
 STATE_VALENCIA: "Valencia"
 STATE_TOLEDO: "Toledo"
 STATE_WALLONIA: "Valona"
 STATE_FLANDERS: "Flandes"
 STATE_HOLLAND: "Holanda"
 STATE_FRIESLAND: "Frisia"
 STATE_GELRE: "Güeldres"
 STATE_JUTLAND: "Jutlandia"
 STATE_ZEALAND: "Selandia"
 STATE_WESTERN_NORWAY: "Noruega Occidental"
 STATE_NORTHERN_NORWAY: "Norte de Noruega"
 STATE_EASTERN_NORWAY: "Noruega Oriental"
 STATE_EAST_SWITZERLAND: "Suiza Oriental"
 STATE_WEST_SWITZERLAND: "Suiza Occidental"
 STATE_PUERTO_RICO: "Puerto Rico"
 STATE_CRETE: "Creta"
 STATE_WEST_INDIES: "Indias Occidentales"
 STATE_BERMUDA: "Bermudas"
 STATE_BAHAMAS: "Bahamas"
 STATE_JAMAICA: "Jamaica"
 STATE_BALUCHISTAN: "Baluchistán"
 STATE_ORISSA: "Odisha"
 STATE_SINDH: "Sind"
 STATE_RAJPUTANA: "Rajputana"
 STATE_CIRCARS: "Andhra"
 STATE_PUNJAB: "Punyab"
 STATE_NAGPUR: "Nagpur"
 STATE_MYSORE: "Mysore"
 STATE_TRAVANCORE: "Travancore"
 STATE_MADRAS: "Madrás"
 STATE_KASHMIR: "Cachemira"
 STATE_HYDERABAD: "Hyderabad"
 STATE_GUJARAT: "Gujarat"
 STATE_CENTRAL_INDIA: "India Central"
 STATE_BOMBAY: "Bombay"
 STATE_BIHAR: "Bihar"
 STATE_SOUTH_BENGAL: "Sur de Bengala"
 STATE_NORTH_BENGAL: "Norte de Bengala"
 STATE_ASSAM: "Asam"
 STATE_DELHI: "Delhi"
 STATE_AWADH: "Awadh"
 STATE_TENASSERIM: "Montes Tenasserim"
 STATE_KACHIN: "Kachin"
 STATE_SHAN_STATES: "Estados Shan"
 STATE_PEGU: "Pegu"
 STATE_NORTH_SUMATRA: "Sumatra Norte"
 STATE_SOUTH_SUMATRA: "Sumatra Sur"
 STATE_CELEBES: "Célebes"
 STATE_ACEH: "Aceh"
 STATE_WESTERN_NEW_GUINEA: "Nueva Guinea Occidental"
 STATE_MOLUCCAS: "Islas Molucas"
 STATE_WEST_BORNEO: "Borneo Occidental"
 STATE_EAST_BORNEO: "Borneo Oriental"
 STATE_SUNDA_ISLANDS: "Islas Sunda"
 STATE_MALAYA: "Malaya"
 STATE_NORTH_BORNEO: "Norte de Borneo"
 STATE_MINDANAO: "Mindanao"
 STATE_LUZON: "Luzón"
 STATE_VISAYAS: "Visayas"
 STATE_ATTICA: "Ática"
 STATE_SKOPIA: "Skopia"
 STATE_MACEDONIA: "Macedonia"
 STATE_THESSALIA: "Tesalia"
 STATE_WESTERN_THRACE: "Tracia Occidental"
 STATE_NORTHERN_THRACE: "Tracia Norte"
 STATE_BULGARIA: "Bulgaria"
 STATE_DOBRUDJA: "Dobrudja"
 STATE_SOUTH_MADAGASCAR: "Sur de Madagascar"
 STATE_NORTH_MADAGASCAR: "Norte de Madagascar"
 STATE_OROMIA: "Oromía"
 STATE_AMHARA: "Amhara"
 STATE_GONDER: "Gonder"
 STATE_KAZEMBE: "Cazembe"
 STATE_ERITREA: "Eritrea"
 STATE_SOMALILAND: "Somalilandia"
 STATE_NAMAQUALAND: "Namaqualand"
 STATE_HEREROLAND: "Hererolandia"
 STATE_ZAMBEZI: "Zambezi"
 STATE_KENYA: "Kenia"
 STATE_RIFT_VALLEY: "Gran Valle del Rift"
 STATE_CHAD: "Chad"
 STATE_WADDAI: "Uadai"
 STATE_LINDI: "Lindi"
 STATE_ZANZIBAR: "Zanzíbar"
 STATE_TANGANYIKA: "Tanganyika"
 STATE_MAURITANIA: "Mauritania"
 STATE_INNER_MAURITANIA: "Interior de Mauritania"
 STATE_EASTERN_MALI: "Malí Oriental"
 STATE_WESTERN_MALI: "Malí Occidental"
 STATE_TIMBUKTU: "Tombuctú"
 STATE_HAUSALAND: "Hausalandia"
 STATE_BENIN: "Benín"
 STATE_YORUBA_STATES: "Estados de Yoruba"
 STATE_NIGER_DELTA: "Delta del Níger"
 STATE_OUTER_HAUSALAND: "Huasalandia exterior"
 STATE_NIGER: "Níger"
 STATE_BORNU: "Bornu"
 STATE_NIGERIA: "Nigeria"
 STATE_EAST_HAUSALAND: "Hausalandia Oriental"
 STATE_KATANGA: "Katanga"
 STATE_CONGO_ORIENTALE: "Congo Oriental"
 STATE_KASAI: "Kasai"
 STATE_BAS_CONGO: "Bas-Congo"
 STATE_EQUATEUR: "Équateur"
 STATE_UGANDA: "Uganda"
 STATE_EQUATORIA: "Ecuatoria"
 STATE_VOLTA: "Volta"
 STATE_NORTH_CAMEROON: "Norte de Camerún"
 STATE_SOUTH_CAMEROON: "Sur de Camerún"
 STATE_UBANGI_SHARI: "Ubangi-Chari"
 STATE_CONGO: "Congo"
 STATE_IVORY_COAST: "Costa de Marfil"
 STATE_WINDWARD_COAST: "Costa de Barlovento"
 STATE_SENEGAL: "Senegal"
 STATE_GAMBIA: "Gambia"
 STATE_SIERRA_LEONE: "Sierra Leona"
 STATE_ZULULAND: "Zululandia"
 STATE_VRYSTAAT: "Vrystaat"
 STATE_TRANSVAAL: "Transvaal"
 STATE_EASTERN_NEW_GUINEA: "Nueva Guinea Oriental"
 STATE_MELANESIA: "Melanesia"
 STATE_FIJI: "Fiyi"
 STATE_VANUATU: "Vanuatu"
 STATE_KANAK: "Kanak"
 STATE_BOUGAINVILLE: "Bougainville"
 STATE_SOLOMON_ISLANDS: "Islas de Solomón"
 STATE_NAURU: "Nauru"
 STATE_HAIL: "Hail"
 STATE_NEJD: "Néyed"
 STATE_TRANSJORDAN: "Transjordania"
 STATE_PALESTINE: "Palestina"
 STATE_LEBANON: "Líbano"
 STATE_SYRIA: "Siria"
 STATE_ALEPPO: "Aleppo"
 STATE_BAGHDAD: "Bagdad"
 STATE_BASRA: "Basora"
 STATE_MOSUL: "Mosul"
 STATE_LARISTAN: "Larestán"
 STATE_SISTAN: "Sistán"
 STATE_KHORASAN: "Jorasán"
 STATE_KHUZESTAN: "Juzistán"
 STATE_FARS: "Fars"
 STATE_ISFAHAN: "Isfahán"
 STATE_MAZANDARAN: "Mazandarán"
 STATE_IRAKAJEMI: "Irakajemi"
 STATE_TABRIZ: "Tabriz"
 STATE_LURISTAN: "Luristán"
 STATE_ARMENIA: "Armenia"
 STATE_AZERBAIJAN: "Azerbaiyán"
 STATE_GREATER_CAUCASUS: "Gran Cáucaso"
 STATE_MONTENEGRO: "Montenegro"
 STATE_NORTHERN_SERBIA: "Norte de Serbia"
 STATE_SOUTHERN_SERBIA: "Sur de Serbia"
 STATE_EASTERN_THRACE: "Tracia Oriental"
 STATE_HUDAVENDIGAR: "Hudavendigar"
 STATE_AYDIN: "Aydin"
 STATE_KONYA: "Konya"
 STATE_KASTAMONU: "Kastamonu"
 STATE_CYPRUS: "Chipre"
 STATE_TRABZON: "Trabzon"
 STATE_WEST_AEGEAN_ISLANDS: "Islas del Egeo Occidentales"
 STATE_EAST_AEGEAN_ISLANDS: "Islas del Egeo Orientales"
 STATE_ANKARA: "Ankara"
 STATE_WESTERN_AFGHANISTAN: "Afganistán Occidental"
 STATE_DIYARBAKIR: "Diyarbakır"
 STATE_ERZURUM: "Erzurum"
 STATE_KARS: "Kars"
 STATE_EASTERN_AFGHANISTAN: "Afganistán Oriental"
 STATE_BANGKOK: "Bangkok"
 STATE_MEKONG: "Mekong"
 STATE_TONKIN: "Tonkin"
 STATE_ANNAM: "Annam"
 STATE_LAOS: "Laos"
 STATE_CHIANG_MAI: "Chiang Mai"
 STATE_NAKHON_RATCHASIMA: "Nakhon Ratchasima"
 STATE_SEOUL: "Gyeonggi"
 STATE_BUSAN: "Yeongnam"
 STATE_SARIWON: "Gwanbuk"
 STATE_PYONGYANG: "Yangseo"
 STATE_YANGHO: "Yangho"
 STATE_HOKKAIDO: "Hokkaido"
 STATE_TOHOKU: "Tohoku"
 STATE_KANTO: "Kanto"
 STATE_CHUBU: "Chubu"
 STATE_KANSAI: "Kansai"
 STATE_KYUSHU: "Kyushu"
 STATE_RYUKYU_ISLANDS: "Islas Ryukyu"
 STATE_CHUGOKU: "Chugoku"
 STATE_SHIKOKU: "Shikoku"
 STATE_LHASA: "Lhasa"
 STATE_NGARI: "Ngari"
 STATE_HIMALAYAS: "Himalaya"
 STATE_DZUNGARIA: "Zungaria"
 STATE_TIANSHAN: "Tianshan"
 STATE_SICHUAN: "Sichuán"
 STATE_YUNNAN: "Yunnan"
 STATE_GUIZHOU: "Guizhou"
 STATE_SHAOZHOU: "Shaozhou"
 STATE_HINGGAN: "Monan"
 STATE_ALXA: "Alxa"
 STATE_GUANGXI: "Guangxi"
 STATE_SOUTHERN_MANCHURIA: "Sur de Manchuria"
 STATE_NORTHERN_MANCHURIA: "Norte de Manchuria"
 STATE_SHANDONG: "Shandong"
 STATE_BEIJING: "Pekín"
 STATE_SHANXI: "Shanxi"
 STATE_XIAN: "Xi'an"
 STATE_NINGXIA: "Ningxia"
 STATE_GANSU: "Gansu"
 STATE_QINGHAI: "Qinghai"
 STATE_CHONGQING: "Chongqing"
 STATE_GUANGDONG: "Guangdong"
 STATE_FUJIAN: "Fujian"
 STATE_ZHEJIANG: "Zhejiang"
 STATE_SUZHOU: "Suzhou"
 STATE_JIANGSU: "Jiangsu"
 STATE_NANJING: "Nankín"
 STATE_HENAN: "Henan"
 STATE_ZHILI: "Hebei"
 STATE_JIANGXI: "Jiangxi"
 STATE_SOUTHERN_ANHUI: "Sur de Anhui"
 STATE_NORTHERN_ANHUI: "Norte de Anhui"
 STATE_WESTERN_HUBEI: "Hubei Occidental"
 STATE_EASTERN_HUBEI: "Hubei Oriental"
 STATE_HUNAN: "Hunan"
 STATE_FORMOSA: "Formosa"
 STATE_SOUTHERN_FINLAND: "Sur de Finlandia"
 STATE_OSTROBOTHNIA: "Ostrobotnia"
 STATE_WEST_KARELIA: "Karelia Occidental"
 STATE_ESTONIA: "Estonia"
 STATE_LATVIA: "Letonia"
 STATE_LITHUANIA: "Lituania"
 STATE_CHUKOTKA: "Chukotka"
 STATE_NENETSIA: "Nenetsia"
 STATE_EAST_KARELIA: "Karelia Oriental"
 STATE_ARKHANGELSK: "Arcángel"
 STATE_TARTARIA: "Saratov"
 STATE_OUTER_MANCHURIA: "Manchuria exterior"
 STATE_UZBEKIA: "Uzbekistán"
 STATE_KHIVA: "Jiva"
 STATE_TAJIKISTAN: "Tayikistán"
 STATE_KIRGHIZIA: "Kirguistán"
 STATE_URALSK: "Oral"
 STATE_TURKMENIA: "Turkmenistán"
 STATE_SEMIRECHE: "Semireche"
 STATE_AKMOLINSK: "Akmolinsk"
 STATE_KAMCHATKA: "Kamchatka"
 STATE_OKHOTSK: "Ojotsk"
 STATE_YAKUTSK: "Yakutsk"
 STATE_TRANS_BAIKAL: "Transbaikalia"
 STATE_IRKUTSK: "Irkutsk"
 STATE_TOMSK: "Tomsk"
 STATE_TOBOLSK: "Tobolsk"
 STATE_UPPER_YENISEYSK: "Alto Yeniseysk"
 STATE_OB: "Ob"
 STATE_URAL: "Ural"
 STATE_SAMARA: "Samara"
 STATE_KAZAN: "Kazán"
 STATE_PERM: "Perm"
 STATE_GALICH: "Galich"
 STATE_TVER: "Tver"
 STATE_MOSCOW: "Moscú"
 STATE_DAGESTAN: "Daguestán"
 STATE_KUBAN: "Kubán"
 STATE_ASTRAKHAN: "Astracán"
 STATE_ROSTOV: "Rostov"
 STATE_CRIMEA: "Crimea"
 STATE_LUHANSK: "Lugansk"
 STATE_KURSK: "Kursk"
 STATE_NOVGOROD: "Nóvgorod"
 STATE_INGRIA: "Ingria"
 STATE_CHERSON: "Jersón"
 STATE_BESSARABIA: "Besarabia"
 STATE_BRYANSK: "Bryansk"
 STATE_SMOLENSK: "Smolensk"
 STATE_ORSHA: "Orsha"
 STATE_CAMPANIA: "Campania"
 STATE_CALABRIA: "Calabria"
 STATE_ABRUZZO: "Abruzo"
 STATE_APULIA: "Apulia"
 STATE_WEST_GALICIA: "Galicia Occidental"
 STATE_EAST_GALICIA: "Galicia Oriental"
 STATE_EAST_SLOVAKIA: "Eslovaquia Oriental"
 STATE_WEST_SLOVAKIA: "Eslovaquia Occidental"
 STATE_DALMATIA: "Dalmacia"
 STATE_CROATIA: "Croacia"
 STATE_SLAVONIA: "Eslavonia"
 STATE_BEKES: "Békés"
 STATE_TRANSDANUBIA: "Transdanubia"
 STATE_ISTRIA: "Istria"
 STATE_VENETIA: "Venecia"
 STATE_LOMBARDY: "Lombardía"
 STATE_BOHEMIA: "Bohemia"
 STATE_MORAVIA: "Moravia"
 STATE_CENTRAL_HUNGARY: "Hungría Central"
 STATE_STYRIA: "Estiria"
 STATE_TYROL: "Tirol"
 STATE_AUSTRIA: "Austria"
 STATE_SOUTH_TYROL: "Tirol del Sur"
 STATE_SLOVENIA: "Eslovenia"
 STATE_DELVIDEK: "Délvidék"
 STATE_POSEN: "Posen"
 STATE_WESTPHALIA: "Westfalia"
 STATE_ANHALT: "Anhalt"
 STATE_POMERANIA: "Pomerania"
 STATE_WEST_PRUSSIA: "Prusia Occidental"
 STATE_EAST_PRUSSIA: "Prusia Oriental"
 STATE_RHINELAND: "Renania"
 STATE_NORTH_RHINE: "Norte del Rin"
 STATE_SILESIA: "Silesia"
 STATE_BRANDENBURG: "Brandeburgo"
 STATE_SCHLESWIG_HOLSTEIN: "Schleswig-Holstein"
 STATE_WURTTEMBERG: "Wurtemberg"
 STATE_BADEN: "Baden"
 STATE_HANNOVER: "Hanover"
 STATE_NASSAU: "Nassau"
 STATE_BAVARIA: "Baviera"
 STATE_FRANCONIA: "Franconia"
 STATE_SAXONY: "Sajonia"
 STATE_HESSE: "Hesse"
 STATE_BRUNSWICK: "Brunswick"
 STATE_GREATER_POLAND: "Gran Polonia"
 STATE_LESSER_POLAND: "Polonia menor"
 STATE_PIEDMONT: "Piamonte"
 STATE_SARDINIA: "Cerdeña"
 STATE_SAKHALIN: "Sajalín"
 STATE_TARAPACA: "Tarapacá"
 STATE_ANTOFAGASTA: "Antofagasta"
 STATE_BREST: "Brest"
 STATE_MAZOVIA: "Mazovia"
 STATE_VOLHYNIA: "Volinia"
 STATE_KIEV: "Kiev"
 STATE_RIAU_ISLANDS: "Islas Riau"
 STATE_MECKLENBURG: "Mecklemburgo"
 STATE_MALTA: "Malta"
 STATE_UMBRIA: "Umbría"
 STATE_BANAT: "Banat"
 STATE_CORSICA: "Córcega"
 STATE_PASHTUNISTAN: "Pastunistán"
 STATE_UTAH: "Utah"
 STATE_SOUTH_CAROLINA: "Carolina del Sur"
 STATE_CHIAPAS: "Chiapas"
 STATE_SAN_SALVADOR: "San Salvador"
 STATE_ADANA: "Adana"
 STATE_CONNAUGHT: "Connacht"
 STATE_TUVA: "Tuva"
 STATE_MASCARENES: "Islas Mascareñas"
 STATE_HAWAIIAN_SEAMOUNT_CHAIN: "Cadena de montes submarinos Hawái-Emperador"
 STATE_MICRONESIAN_SEA: "Mar de Micronesia"
 STATE_SOUTH_PACIFIC_LANE_1: "Océano Pacífico Sur"
 STATE_SOUTH_PACIFIC_LANE_2: "Océano Pacífico Sur"
 STATE_EASTER_ISLAND_LANE_1: "Océano Pacífico Sur"
 STATE_EASTER_ISLAND_LANE_2: "Océano Pacífico Sur"
 STATE_EASTER_ISLAND_LANE_3: "Océano Pacífico Sur"
 STATE_PACIFIC_LANE_01: "Océano Pacífico"
 STATE_PACIFIC_LANE_02: "Océano Pacífico"
 STATE_PACIFIC_LANE_03: "Océano Pacífico"
 STATE_PACIFIC_LANE_04: "Océano Pacífico"
 STATE_PACIFIC_LANE_05: "Océano Pacífico"
 STATE_PACIFIC_LANE_06: "Océano Pacífico"
 STATE_SOUTHERN_OCEAN: "Océano Antártico"
 STATE_FAROE_BANK: "Canal de las Islas Feroe"
 STATE_GULF_OF_MAINE: "Golfo de Maine"
 STATE_HORN_OF_AFRICA: "Cuerno de África"
 STATE_DAVIS_STRAIT: "Estrecho de Davis"
 STATE_GALAPAGOS_RISE: "Dorsal de Galápagos"
 STATE_EASTERN_CARIBBEAN_SEA: "Mar Caribe Oriental"
 STATE_WESTERN_CARIBBEAN_SEA: "Mar Caribe Occidental"
 STATE_WESTERN_MEDITERRANEAN_SEA: "Mar Mediterráneo Occidental"
 STATE_CENTRAL_MEDITERRANEAN_SEA: "Mar Mediterráneo Central"
 STATE_EASTERN_MEDITERRANEAN_SEA: "Mar Mediterráneo Oriental"
 STATE_ARCTIC_OCEAN: "Océano Ártico"
 STATE_NORTH_ATLANTIC_01: "Océano Atlántico Norte"
 STATE_NORTH_ATLANTIC_02: "Océano Atlántico Norte"
 STATE_NORTH_ATLANTIC_03: "Océano Atlántico Norte"
 STATE_NORTH_ATLANTIC_04: "Océano Atlántico Norte"
 STATE_NORTH_ATLANTIC_05: "Océano Atlántico Norte"
 STATE_NORTH_ATLANTIC_06: "Océano Atlántico Norte"
 STATE_NORTH_ATLANTIC_07: "Océano Atlántico Norte"
 STATE_NORTH_ATLANTIC_08: "Océano Atlántico Norte"
 STATE_NORTH_ATLANTIC_09: "Océano Atlántico Norte"
 STATE_NORTH_ATLANTIC_10: "Océano Atlántico Norte"
 STATE_NORTH_ATLANTIC_11: "Océano Atlántico Norte"
 STATE_ATLANTIC_OCEAN_01: "Océano Atlántico"
 STATE_ATLANTIC_OCEAN_02: "Océano Atlántico"
 STATE_ATLANTIC_OCEAN_03: "Océano Atlántico"
 STATE_ATLANTIC_OCEAN_04: "Océano Atlántico"
 STATE_ATLANTIC_OCEAN_05: "Océano Atlántico"
 STATE_WEST_AFRICAN_COAST: "Costa africana Occidental"
 STATE_SOUTH_ATLANTIC_SEA_LANE_01: "Océano Atlántico Sur"
 STATE_SOUTH_ATLANTIC_SEA_LANE_02: "Océano Atlántico Sur"
 STATE_SOUTH_ATLANTIC_SEA_LANE_03: "Océano Atlántico Sur"
 STATE_SOUTH_ATLANTIC_SEA_LANE_04: "Océano Atlántico Sur"
 STATE_SOUTH_ATLANTIC_SEA_LANE_05: "Océano Atlántico Sur"
 STATE_SOUTH_ATLANTIC_SEA_LANE_06: "Océano Atlántico Sur"
 STATE_SOUTH_ATLANTIC_SEA_LANE_08: "Océano Atlántico Sur"
 STATE_COAST_OF_SAINT_HELENA: "Costa de Santa Elena"
 STATE_INDIAN_OCEAN_LANE_01: "Océano Índico"
 STATE_INDIAN_OCEAN_LANE_02: "Océano Índico"
 STATE_INDIAN_OCEAN_LANE_03: "Océano Índico"
 STATE_INDIAN_OCEAN_LANE_04: "Océano Índico"
 STATE_INDIAN_OCEAN_LANE_05: "Océano Índico"
 STATE_INDIAN_OCEAN_LANE_06: "Océano Índico"
 STATE_EASTER_ISLAND: "Isla de Pascua"
 STATE_EASTERN_POLYNESIA: "Polinesia Oriental"
 STATE_NATAL_COAST: "Costa de Natal"
 STATE_NORTH_ATLANTIC_OCEAN_01: "Océano Atlántico Norte"
 STATE_NORTH_ATLANTIC_OCEAN_02: "Océano Atlántico Norte"
 STATE_NORTH_ATLANTIC_OCEAN_03: "Océano Atlántico Norte"
 STATE_NORTH_ATLANTIC_OCEAN_04: "Océano Atlántico Norte"
 STATE_NORTH_ATLANTIC_OCEAN_05: "Océano Atlántico Norte"
 STATE_NORTH_ATLANTIC_OCEAN_06: "Océano Atlántico Norte"
 STATE_SOUTH_ATLANTIC_OCEAN_01: "Océano Atlántico Sur"
 STATE_SOUTH_ATLANTIC_OCEAN_02: "Océano Atlántico Sur"
 STATE_SOUTH_ATLANTIC_OCEAN_03: "Océano Atlántico Sur"
 STATE_SOUTH_ATLANTIC_OCEAN_04: "Océano Atlántico Sur"
 STATE_SOUTH_ATLANTIC_OCEAN_05: "Océano Atlántico Sur"
 STATE_SOUTH_ATLANTIC_OCEAN_06: "Océano Atlántico Sur"
 STATE_SOUTHERN_OCEAN_01: "Océano Antártico"
 STATE_SOUTHERN_OCEAN_02: "Océano Antártico"
 STATE_INDIAN_OCEAN_01: "Océano Índico"
 STATE_INDIAN_OCEAN_02: "Océano Índico"
 STATE_INDIAN_OCEAN_03: "Océano Índico"
 STATE_NORTH_PACIFIC_OCEAN_01: "Océano Pacífico Norte"
 STATE_NORTH_PACIFIC_OCEAN_02: "Océano Pacífico Norte"
 STATE_NORTH_PACIFIC_OCEAN_03: "Océano Pacífico Norte"
 STATE_NORTH_PACIFIC_OCEAN_04: "Océano Pacífico Norte"
 STATE_NORTH_PACIFIC_OCEAN_05: "Océano Pacífico Norte"
 STATE_NORTH_PACIFIC_OCEAN_06: "Océano Pacífico Norte"
 STATE_NORTH_PACIFIC_OCEAN_07: "Océano Pacífico Norte"
 STATE_NORTH_PACIFIC_OCEAN_08: "Océano Pacífico Norte"
 STATE_NORTH_PACIFIC_OCEAN_09: "Océano Pacífico Norte"
 STATE_NORTH_PACIFIC_OCEAN_10: "Océano Pacífico Norte"
 STATE_NORTH_PACIFIC_OCEAN_11: "Océano Pacífico Norte"
 STATE_SOUTH_PACIFIC_OCEAN_01: "Océano Pacífico Sur"
 STATE_SOUTH_PACIFIC_OCEAN_02: "Océano Pacífico Sur"
 STATE_SOUTH_PACIFIC_OCEAN_03: "Océano Pacífico Sur"
 STATE_SOUTH_PACIFIC_OCEAN_04: "Océano Pacífico Sur"
 STATE_SOUTH_PACIFIC_OCEAN_05: "Océano Pacífico Sur"
 STATE_SOUTH_PACIFIC_OCEAN_06: "Océano Pacífico Sur"
 STATE_SOUTH_PACIFIC_OCEAN_07: "Océano Pacífico Sur"
 STATE_SOUTH_PACIFIC_OCEAN_08: "Océano Pacífico Sur"
 STATE_SOUTH_PACIFIC_OCEAN_09: "Océano Pacífico Sur"
 STATE_PACIFIC_SEABOARD_01: "Costa del Pacífico"
 STATE_PACIFIC_SEABOARD_02: "Costa del Pacífico"
 STATE_BARENTS_SEA: "Mar de Barents"
 STATE_ARCTIC_OCEAN_01: "Océano Ártico"
 STATE_ARCTIC_OCEAN_02: "Océano Ártico"
 STATE_ARCTIC_OCEAN_04: "Océano Ártico"
 STATE_ARCTIC_OCEAN_05: "Océano Ártico"
 STATE_ARCTIC_OCEAN_06: "Océano Ártico"
 STATE_ARCTIC_OCEAN_07: "Océano Ártico"
 STATE_ALAND: "Åland"
 STATE_BURMA: "Burma"
 STATE_NORTH_PHILIPPINES_SEA: "Norte del Mar de Filipinas"
 STATE_SOUTH_PHILIPPINES_SEA: "Sur del Mar de Filipinas"
 STATE_PATAGONIAN_LAKES: "Lagos patagónicos"
 STATE_LAKE_NICARAGUA: "Lago Nicaragua"
 STATE_GOIAS: "Goiás"
 STATE_ACRE: "Acre"
 STATE_PIAUI: "Piauí"
 STATE_CEARA: "Ceará"
 STATE_PARAIBA: "Paraíba"
 STATE_SANTA_CATARINA: "Santa Catarina"
 STATE_VERACRUZ: "Veracruz"
 STATE_SINALOA: "Sinaloa"
 STATE_BAJIO: "Bajío"
 STATE_OAXACA: "Oaxaca"
 STATE_SHENGJING: "Shengjing"
 STATE_JETISY: "Ili"
 STATE_RUHR: "Ruhr"
 STATE_MAINE_ANJOU: "Maine-Anjou"
